County,State,Age.Percent 65 and Older,Income.Per Capita Income
Abbeville County,SC,22.4,22646
Acadia Parish,LA,15.8,23122
Accomack County,VA,24.6,26018
Ada County,ID,14.9,34919
Adair County,IA,23,30822
Adair County,KY,19.2,21196
Adair County,MO,15.1,22847
Adair County,OK,15.8,17026
Adams County,CO,10.7,30313
Adams County,IA,23.7,28440
Adams County,ID,29.9,28026
Adams County,IL,20.7,30343
Adams County,IN,15.9,23316
Adams County,MS,19.6,18386
Adams County,ND,28.5,33458
Adams County,NE,18.9,28729
Adams County,OH,18.5,22366
Adams County,PA,21.1,31590
Adams County,WA,11.3,20248
Adams County,WI,30.2,27241
Addison County,VT,20.7,34741
Aiken County,SC,19.9,28396
Aitkin County,MN,33.8,29275
Alachua County,FL,14.6,28646
Alamance County,NC,17.1,27312
Alameda County,CA,14.3,47314
Alamosa County,CO,13.9,22131
Albany County,NY,17.4,37635
Albany County,WY,12.2,29146
Albemarle County,VA,19.3,44799
Alcona County,MI,36.1,25636
Alcorn County,MS,18.8,23909
Aleutians East Borough,AK,10.5,33939
Aleutians West Census Area,AK,7.4,39647
Alexander County,IL,23.1,19519
Alexander County,NC,20.4,26688
Alexandria city,VA,11.3,62679
Alfalfa County,OK,20.3,27615
Alger County,MI,26.3,20851
Allamakee County,IA,23.5,27892
Allegan County,MI,17,29215
Allegany County,MD,20.6,23607
Allegany County,NY,19.6,24857
Alleghany County,NC,28,23267
Alleghany County,VA,25.5,27338
Allegheny County,PA,19.3,38709
Allen County,IN,14.9,29160
Allen County,KS,21,23734
Allen County,KY,18.1,22294
Allen County,OH,18.1,26761
Allen Parish,LA,15.2,20964
Allendale County,SC,20.9,16985
Alpena County,MI,23.9,25957
Alpine County,CA,26.4,36739
Amador County,CA,27.5,31987
Amelia County,VA,20.1,31688
Amherst County,VA,21.6,26712
Amite County,MS,24.1,21568
Anchorage Municipality,AK,11.7,41415
Anderson County,KS,21.5,24309
Anderson County,KY,16.3,27250
Anderson County,SC,18.3,27552
Anderson County,TN,20.3,28455
Anderson County,TX,15,17280
Andrew County,MO,19.4,29338
Andrews County,TX,9.8,30673
Androscoggin County,ME,18.2,28956
Angelina County,TX,16.6,23147
Anne Arundel County,MD,15,46629
Anoka County,MN,14.5,36978
Anson County,NC,19.3,21635
Antelope County,NE,24.1,26523
Antrim County,MI,28,31851
Apache County,AZ,15.8,15128
Appanoose County,IA,22.9,26012
Appling County,GA,17.7,21300
Appomattox County,VA,21.2,28586
Aransas County,TX,28.9,30863
Arapahoe County,CO,13.5,40443
Archer County,TX,19.6,34617
Archuleta County,CO,27.3,31629
Arenac County,MI,25.8,24328
Arkansas County,AR,20.3,26386
Arlington County,VA,11.1,71841
Armstrong County,PA,22.6,27715
Armstrong County,TX,24.9,31749
Aroostook County,ME,24.9,25477
Arthur County,NE,21.4,25906
Ascension Parish,LA,12.3,34168
Ashe County,NC,26.6,24814
Ashland County,OH,19.1,26017
Ashland County,WI,20.2,23946
Ashley County,AR,20.9,23391
Ashtabula County,OH,19.6,24265
Asotin County,WA,24,29695
Assumption Parish,LA,18.7,25752
Atascosa County,TX,14.9,23890
Atchison County,KS,17.6,24237
Atchison County,MO,26.2,31248
Athens County,OH,13.6,22040
Atkinson County,GA,14.5,20338
Atlantic County,NJ,18.6,33284
Atoka County,OK,20,20443
Attala County,MS,19.5,21276
Audrain County,MO,18.2,23024
Audubon County,IA,24.7,30344
Auglaize County,OH,18.9,31198
Augusta County,VA,21.9,30272
Aurora County,SD,20.7,37086
Austin County,TX,19.8,30219
Autauga County,AL,16,29819
Avery County,NC,22.9,21167
Avoyelles Parish,LA,17.3,22017
Baca County,CO,24.4,24061
Bacon County,GA,16.8,20326
Bailey County,TX,14.8,21945
Baker County,FL,14.1,24686
Baker County,GA,23.7,22525
Baker County,OR,26.5,28700
Baldwin County,AL,21,32626
Baldwin County,GA,16.5,21716
Ballard County,KY,21.9,25217
Baltimore County,MD,17.6,40105
Baltimore city,MD,13.6,31271
Bamberg County,SC,22.4,18479
Bandera County,TX,27.9,29561
Banks County,GA,17.7,21403
Banner County,NE,24,27552
Bannock County,ID,14.7,25076
Baraga County,MI,22.7,22920
Barber County,KS,23.1,27648
Barbour County,AL,19.7,18473
Barbour County,WV,20.7,22899
Barnes County,ND,23.2,35491
Barnstable County,MA,31.4,44505
Barnwell County,SC,18.9,20297
Barren County,KY,18,21869
Barron County,WI,22.6,29681
Barrow County,GA,12.7,25266
Barry County,MI,18.9,31760
Barry County,MO,21,25068
Bartholomew County,IN,16.5,31774
Barton County,KS,19.9,27495
Barton County,MO,21.2,26509
Bartow County,GA,14.4,26493
Bastrop County,TX,15.6,27773
Bates County,MO,19.6,27635
Bath County,KY,17,22238
Bath County,VA,28,27527
Baxter County,AR,31.1,26863
Bay County,FL,18.6,29290
Bay County,MI,21,27469
Bayfield County,WI,28.2,31825
Baylor County,TX,24.1,22987
Beadle County,SD,17.8,27655
Bear Lake County,ID,20.7,26378
Beaufort County,NC,24.6,27504
Beaufort County,SC,28,38946
Beauregard Parish,LA,15.9,26331
Beaver County,OK,19.8,24514
Beaver County,PA,22,31305
Beaver County,UT,14.1,23382
Beaverhead County,MT,22.3,28401
Becker County,MN,21.1,31729
Beckham County,OK,14.7,24480
Bedford County,PA,23.4,26078
Bedford County,TN,15.2,24864
Bedford County,VA,21.8,33678
Bee County,TX,12.6,18340
Belknap County,NH,22.8,37430
Bell County,KY,19.7,15501
Bell County,TX,11.2,26677
Belmont County,OH,21.4,27580
Beltrami County,MN,16.5,25418
Ben Hill County,GA,17.9,17774
Benewah County,ID,22.8,23255
Bennett County,SD,13.3,17793
Bennington County,VT,23.4,33789
Benson County,ND,14.4,21707
Bent County,CO,18.9,13930
Benton County,AR,13.6,34442
Benton County,IA,19,33301
Benton County,IN,18,25187
Benton County,MN,14.3,29831
Benton County,MO,31.2,24317
Benton County,MS,19,20643
Benton County,OR,16.8,33817
Benton County,TN,23.9,22636
Benton County,WA,15.4,32882
Benzie County,MI,27,29425
Bergen County,NJ,17.7,51214
Berkeley County,SC,14.2,29662
Berkeley County,WV,15,29994
Berks County,PA,17.6,31571
Berkshire County,MA,23.9,35616
Bernalillo County,NM,16.9,30734
Berrien County,GA,17.2,19547
Berrien County,MI,20.3,30864
Bertie County,NC,23.6,22947
Bethel Census Area,AK,7.9,19885
Bexar County,TX,12.4,27834
Bibb County,AL,16.7,20778
Bibb County,GA,16,25640
Bienville Parish,LA,21.7,21491
Big Horn County,MT,13.3,18934
Big Horn County,WY,21.9,24693
Big Stone County,MN,26.8,29459
Billings County,ND,22.7,42071
Bingham County,ID,14.5,23059
Black Hawk County,IA,16.9,30563
Blackford County,IN,21.9,24302
Bladen County,NC,22.8,23440
Blaine County,ID,20.3,33645
Blaine County,MT,15.8,19258
Blaine County,NE,26.9,25097
Blaine County,OK,20.2,25851
Blair County,PA,21.3,28119
Blanco County,TX,25.2,37998
Bland County,VA,23.6,22522
Bleckley County,GA,17.1,20458
Bledsoe County,TN,18.8,21700
Blount County,AL,18.7,24747
Blount County,TN,20.6,30548
Blue Earth County,MN,14.2,29677
Boise County,ID,26.3,31975
Bolivar County,MS,16.3,18843
Bollinger County,MO,21.1,21340
Bon Homme County,SD,20.8,24131
Bond County,IL,19.4,28119
Bonner County,ID,25.4,27918
Bonneville County,ID,13.5,28671
Boone County,AR,20.9,24727
Boone County,IA,19,32889
Boone County,IL,16.1,31943
Boone County,IN,13.8,48295
Boone County,KY,14.1,35991
Boone County,MO,12.8,30415
Boone County,NE,23.4,33027
Boone County,WV,20.9,21751
Borden County,TX,26.6,34028
Bosque County,TX,25.4,26636
Bossier Parish,LA,14.9,28766
Botetourt County,VA,23.3,35893
Bottineau County,ND,24.5,35655
Boulder County,CO,14.8,46826
Boundary County,ID,23.1,25782
Bourbon County,KS,20.2,23102
Bourbon County,KY,19.7,27802
Bowie County,TX,17,27095
Bowman County,ND,22.2,34880
Box Butte County,NE,19.3,28156
Box Elder County,UT,13.2,24797
Boyd County,KY,20,26193
Boyd County,NE,31,29871
Boyle County,KY,19.6,26413
Bracken County,KY,17.2,24124
Bradford County,FL,18,20529
Bradford County,PA,21.9,28392
Bradley County,AR,19.2,22945
Bradley County,TN,17.3,26655
Branch County,MI,18.7,25279
Brantley County,GA,17.2,20191
Braxton County,WV,23.7,22269
Brazoria County,TX,12.2,34561
Brazos County,TX,9.5,27632
Breathitt County,KY,17.7,19053
Breckinridge County,KY,19.8,23286
Bremer County,IA,19.9,32814
Brevard County,FL,24.2,32176
Brewster County,TX,24.2,28915
Briscoe County,TX,26.1,23933
Bristol Bay Borough,AK,16.3,44168
Bristol County,MA,17.3,35747
Bristol County,RI,20.2,46566
Bristol city,VA,20.4,23015
Broadwater County,MT,24,31631
Bronx County,NY,13.3,21778
Brooke County,WV,24.6,26678
Brookings County,SD,12.5,28330
Brooks County,GA,20,25700
Brooks County,TX,18.4,14523
Broome County,NY,19.4,28699
Broomfield County,CO,14.3,50863
Broward County,FL,17.1,32909
Brown County,IL,14.1,23070
Brown County,IN,25.4,34372
Brown County,KS,20.7,25208
Brown County,MN,21.3,31237
Brown County,NE,27,30674
Brown County,OH,18.3,26696
Brown County,SD,17.9,33122
Brown County,TX,20.4,27463
Brown County,WI,15.4,32874
Brule County,SD,19.7,31874
Brunswick County,NC,32.6,33312
Brunswick County,VA,21.8,21732
Bryan County,GA,10.7,31623
Bryan County,OK,18,23979
Buchanan County,IA,18.3,33373
Buchanan County,MO,16.7,26347
Buchanan County,VA,23.1,19496
Buckingham County,VA,20.2,20605
Bucks County,PA,19.2,45849
Buena Vista County,IA,16.7,26526
Buena Vista city,VA,18.4,21419
Buffalo County,NE,15,31043
Buffalo County,SD,7.5,11995
Buffalo County,WI,22.8,30503
Bullitt County,KY,16.2,29333
Bulloch County,GA,11.6,22328
Bullock County,AL,16.9,20877
Buncombe County,NC,20.5,32426
Bureau County,IL,22.5,30255
Burke County,GA,16,22173
Burke County,NC,20.7,24481
Burke County,ND,21.2,39350
Burleigh County,ND,16.6,38804
Burleson County,TX,21,30086
Burlington County,NJ,17.4,43187
Burnet County,TX,22.8,30980
Burnett County,WI,29.4,30342
Burt County,NE,24.4,31635
Butler County,AL,20.8,21038
Butler County,IA,22.9,30036
Butler County,KS,15.7,29986
Butler County,KY,18.8,22951
Butler County,MO,19.2,21652
Butler County,NE,21.3,30095
Butler County,OH,15.1,31921
Butler County,PA,19.4,37811
Butte County,CA,18.4,29506
Butte County,ID,23.6,30294
Butte County,SD,20.5,26961
Butts County,GA,15.8,27195
Cabarrus County,NC,13.4,32255
Cabell County,WV,19.4,25271
Cache County,UT,9.8,23713
Caddo County,OK,16.9,23167
Caddo Parish,LA,17.7,26545
Calaveras County,CA,28,33456
Calcasieu Parish,LA,15.2,28778
Caldwell County,KY,21.3,28799
Caldwell County,MO,20.1,24581
Caldwell County,NC,20.4,23869
Caldwell County,TX,14.9,25086
Caldwell Parish,LA,18.1,23216
Caledonia County,VT,22.1,29769
Calhoun County,AL,18.1,25345
Calhoun County,AR,22,23688
Calhoun County,FL,18.9,19304
Calhoun County,GA,16.6,14005
Calhoun County,IA,23.5,28434
Calhoun County,IL,24.1,28822
Calhoun County,MI,18.2,26855
Calhoun County,MS,19.5,19229
Calhoun County,SC,23.9,26398
Calhoun County,TX,18.7,27268
Calhoun County,WV,25.6,20447
Callahan County,TX,21.2,26051
Callaway County,MO,16.7,25849
Calloway County,KY,17.5,23219
Calumet County,WI,15.7,35527
Calvert County,MD,15.5,45783
Camas County,ID,24.4,30209
Cambria County,PA,23.2,26008
Camden County,GA,14.2,29741
Camden County,MO,28.9,28275
Camden County,NC,16.9,28221
Camden County,NJ,16.1,35958
Cameron County,PA,28.1,24528
Cameron County,TX,13.8,17430
Cameron Parish,LA,17,28358
Camp County,TX,19,22449
Campbell County,KY,16.1,34025
Campbell County,SD,29.3,32684
Campbell County,TN,21,24212
Campbell County,VA,20.3,27739
Campbell County,WY,10.7,34776
Canadian County,OK,13.3,30755
Candler County,GA,18.6,20687
Cannon County,TN,18.5,26435
Canyon County,ID,14,22232
Cape Girardeau County,MO,17.1,28267
Cape May County,NJ,27.3,40389
Carbon County,MT,26.8,33067
Carbon County,PA,21.7,29202
Carbon County,UT,18,23862
Carbon County,WY,18,29552
Caribou County,ID,17.3,26221
Carlisle County,KY,21.6,30065
Carlton County,MN,17.5,29440
Caroline County,MD,16.7,29624
Caroline County,VA,16.9,31568
Carroll County,AR,23.9,25295
Carroll County,GA,13.8,24993
Carroll County,IA,20.7,31648
Carroll County,IL,25.8,29166
Carroll County,IN,20,29366
Carroll County,KY,15.7,25217
Carroll County,MD,17.3,42083
Carroll County,MO,22.1,25715
Carroll County,MS,24.2,22385
Carroll County,NH,29,37490
Carroll County,OH,21.6,29518
Carroll County,TN,20.6,22394
Carroll County,VA,25.4,25449
Carson City,NV,19.8,31549
Carson County,TX,21.1,34708
Carter County,KY,19.4,18778
Carter County,MO,20.9,22104
Carter County,MT,26.1,28577
Carter County,OK,17.2,26094
Carter County,TN,22.4,23205
Carteret County,NC,25.7,33722
Carver County,MN,12.6,47221
Cascade County,MT,19.1,30110
Casey County,KY,20.4,18457
Cass County,IA,23.5,28302
Cass County,IL,18.3,26992
Cass County,IN,18.3,24948
Cass County,MI,21.5,31295
Cass County,MN,26.5,30326
Cass County,MO,17.3,32868
Cass County,ND,12.5,37620
Cass County,NE,18.1,33851
Cass County,TX,22.8,23075
Cassia County,ID,14.5,21687
Castro County,TX,16.4,21884
Caswell County,NC,22.1,23901
Catahoula Parish,LA,17.9,22412
Catawba County,NC,18.3,28224
Catoosa County,GA,18.2,27308
Catron County,NM,43.3,21989
Cattaraugus County,NY,19.7,25822
Cavalier County,ND,27.4,43457
Cayuga County,NY,19.8,30509
Cecil County,MD,16.2,34810
Cedar County,IA,20.3,32268
Cedar County,MO,23.7,22623
Cedar County,NE,22,30163
Centre County,PA,14.9,30753
Cerro Gordo County,IA,22.3,32757
Chaffee County,CO,26,29827
Chambers County,AL,20.2,22729
Chambers County,TX,12,35916
Champaign County,IL,13.3,30578
Champaign County,OH,18.5,27722
Chariton County,MO,24.3,23903
Charles City County,VA,25.5,35304
Charles County,MD,12.9,41717
Charles Mix County,SD,18.6,22347
Charleston County,SC,17,39914
Charlevoix County,MI,25.1,33620
Charlotte County,FL,40.8,32144
Charlotte County,VA,22.6,22018
Charlottesville city,VA,11.3,38328
Charlton County,GA,15.8,18323
Chase County,KS,25.9,23055
Chase County,NE,21.3,30080
Chatham County,GA,16,32229
Chatham County,NC,25,40967
Chattahoochee County,GA,4.9,23769
Chattooga County,GA,17.6,18715
Chautauqua County,KS,27.8,22962
Chautauqua County,NY,20.7,26165
Chaves County,NM,16.1,22041
Cheatham County,TN,15.5,27893
Cheboygan County,MI,28.1,26393
Chelan County,WA,19.6,30870
Chemung County,NY,19.5,28778
Chenango County,NY,20.9,27708
Cherokee County,AL,23.5,24301
Cherokee County,GA,14.5,36503
Cherokee County,IA,24.7,32999
Cherokee County,KS,19.7,22615
Cherokee County,NC,30.5,23902
Cherokee County,OK,17,22161
Cherokee County,SC,17.1,21152
Cherokee County,TX,17.9,22391
Cherry County,NE,22.1,29415
Chesapeake city,VA,13,35536
Cheshire County,NH,20.7,33946
Chester County,PA,16.8,50927
Chester County,SC,19.2,22324
Chester County,TN,17.3,22629
Chesterfield County,SC,19,21325
Chesterfield County,VA,15.4,37658
Cheyenne County,CO,21,29081
Cheyenne County,KS,27.3,29041
Cheyenne County,NE,20.6,31294
Chickasaw County,IA,21.2,31095
Chickasaw County,MS,17.5,19926
Chicot County,AR,21.1,20232
Childress County,TX,15.9,21233
Chilton County,AL,17.1,24658
Chippewa County,MI,18.8,25086
Chippewa County,MN,21.8,30772
Chippewa County,WI,18.4,29991
Chisago County,MN,15.8,35021
Chittenden County,VT,15.6,39062
Choctaw County,AL,23.6,22308
Choctaw County,MS,22.3,22257
Choctaw County,OK,21.1,21277
Chouteau County,MT,21.2,23769
Chowan County,NC,25.3,26256
Christian County,IL,20.2,27361
Christian County,KY,12.7,23021
Christian County,MO,16.1,28216
Churchill County,NV,19.1,28462
Cibola County,NM,16.8,20018
Cimarron County,OK,25.4,29115
Citrus County,FL,36.7,26989
Clackamas County,OR,18.8,41492
Claiborne County,MS,16.7,14320
Claiborne County,TN,20.3,21566
Claiborne Parish,LA,19.5,16770
Clallam County,WA,30.5,30283
Clare County,MI,24.1,22573
Clarendon County,SC,24.2,22824
Clarion County,PA,20.3,25157
Clark County,AR,16.8,21337
Clark County,ID,19.4,18860
Clark County,IL,20.2,30796
Clark County,IN,16.2,29062
Clark County,KS,21.5,28227
Clark County,KY,18.2,28802
Clark County,MO,21.5,26490
Clark County,NV,15.1,30704
Clark County,OH,19.7,27066
Clark County,SD,21.8,30991
Clark County,WA,16,35860
Clark County,WI,17,25382
Clarke County,AL,20.5,22225
Clarke County,GA,11.3,23827
Clarke County,IA,19.2,27416
Clarke County,MS,20.8,23988
Clarke County,VA,21.8,41332
Clatsop County,OR,23.4,29757
Clay County,AL,21,23519
Clay County,AR,21.9,22505
Clay County,FL,16.3,30483
Clay County,GA,27.3,17036
Clay County,IA,21.1,28747
Clay County,IL,20.8,26815
Clay County,IN,18.2,26257
Clay County,KS,23.5,29235
Clay County,KY,15.6,15391
Clay County,MN,13.4,30768
Clay County,MO,14.4,34560
Clay County,MS,18.9,20599
Clay County,NC,31.9,28467
Clay County,NE,20.4,27539
Clay County,SD,12.6,28192
Clay County,TN,25.3,18983
Clay County,TX,23.7,29159
Clay County,WV,21.2,17239
Clayton County,GA,9.6,20970
Clayton County,IA,24.4,28294
Clear Creek County,CO,21.3,39203
Clearfield County,PA,21,24403
Clearwater County,ID,28,23412
Clearwater County,MN,20.5,27178
Cleburne County,AL,20.2,23142
Cleburne County,AR,27.2,27227
Clermont County,OH,16.9,34390
Cleveland County,AR,21.4,24225
Cleveland County,NC,19,22589
Cleveland County,OK,13.8,31571
Clinch County,GA,16.8,15152
Clinton County,IA,19.9,28483
Clinton County,IL,18,31783
Clinton County,IN,16.8,24489
Clinton County,KY,19.7,21019
Clinton County,MI,17.5,34761
Clinton County,MO,18.2,29081
Clinton County,NY,17.7,27761
Clinton County,OH,17.6,26690
Clinton County,PA,19.2,25794
Cloud County,KS,21.6,27279
Coahoma County,MS,16,18985
Coal County,OK,21,24055
Cobb County,GA,12.7,40031
Cochise County,AZ,23.1,26819
Cochran County,TX,16.4,21463
Cocke County,TN,21.6,21867
Coconino County,AZ,13,27339
Codington County,SD,18.3,30043
Coffee County,AL,17.3,27806
Coffee County,GA,14.1,19905
Coffee County,TN,17.4,26557
Coffey County,KS,21.9,33371
Coke County,TX,28,25285
Colbert County,AL,20,25536
Cole County,MO,17.3,30422
Coleman County,TX,25.9,27752
Coles County,IL,17.5,28084
Colfax County,NE,13.8,23603
Colfax County,NM,27.4,24035
Colleton County,SC,20.7,21377
Collier County,FL,32.9,45567
Collin County,TX,11.3,44548
Collingsworth County,TX,19,25681
Colonial Heights city,VA,20.4,28364
Colorado County,TX,22.6,29552
Colquitt County,GA,16.1,20529
Columbia County,AR,17.7,21189
Columbia County,FL,19.3,24275
Columbia County,GA,14,34579
Columbia County,NY,24.4,38268
Columbia County,OR,19.2,31883
Columbia County,PA,20.1,26787
Columbia County,WA,28.5,36551
Columbia County,WI,18.4,34984
Columbiana County,OH,21.2,26469
Columbus County,NC,20.6,22608
Colusa County,CA,14.9,26932
Comal County,TX,18.3,38991
Comanche County,KS,25.5,30355
Comanche County,OK,12.9,26449
Comanche County,TX,24.4,26728
Concho County,TX,25.3,21420
Concordia Parish,LA,17.8,19092
Conecuh County,AL,23.5,19769
Conejos County,CO,19.9,20640
Contra Costa County,CA,16.3,48178
Converse County,WY,17.2,33693
Conway County,AR,19.7,25158
Cook County,GA,16.8,20128
Cook County,IL,15.1,37552
Cook County,MN,29.3,33194
Cooke County,TX,18.9,30704
Cooper County,MO,18.3,23961
Coos County,NH,24.2,27393
Coos County,OR,26.5,27582
Coosa County,AL,24.1,23694
Copiah County,MS,18.3,20093
Corson County,SD,12,16449
Cortland County,NY,16.9,28229
Coryell County,TX,10.6,22400
Coshocton County,OH,19.8,23432
Costilla County,CO,26.9,21732
Cottle County,TX,24.2,19797
Cotton County,OK,20.5,23564
Cottonwood County,MN,23.1,27459
Covington County,AL,21.4,23687
Covington County,MS,17.2,19180
Covington city,VA,20.2,25309
Coweta County,GA,14.3,33875
Cowley County,KS,18.8,24726
Cowlitz County,WA,19.3,28876
Craig County,OK,20.1,21318
Craig County,VA,24.1,30103
Craighead County,AR,14,26948
Crane County,TX,12.4,27893
Craven County,NC,19.7,29521
Crawford County,AR,17.2,24547
Crawford County,GA,19.4,23204
Crawford County,IA,17.9,29196
Crawford County,IL,19.4,26546
Crawford County,IN,20.1,22443
Crawford County,KS,15.8,23091
Crawford County,MI,25.8,26294
Crawford County,MO,20.1,22220
Crawford County,OH,21.4,25744
Crawford County,PA,21.2,26582
Crawford County,WI,24,27615
Creek County,OK,18.2,26044
Crenshaw County,AL,19.4,24563
Crisp County,GA,19.3,22933
Crittenden County,AR,14.5,23172
Crittenden County,KY,21.3,23959
Crockett County,TN,19.2,23771
Crockett County,TX,17.7,26178
Crook County,OR,25.2,27007
Crook County,WY,21.1,29532
Crosby County,TX,18.9,19443
Cross County,AR,19.3,25380
Crow Wing County,MN,23,32368
Crowley County,CO,14,15517
Culberson County,TX,22.1,15109
Cullman County,AL,18.8,23468
Culpeper County,VA,16,32028
Cumberland County,IL,20.4,27812
Cumberland County,KY,22.8,18728
Cumberland County,ME,19,40527
Cumberland County,NC,12.2,24936
Cumberland County,NJ,15.6,25694
Cumberland County,PA,18.8,37500
Cumberland County,TN,31.2,25832
Cumberland County,VA,23.1,25138
Cuming County,NE,22.4,29765
Currituck County,NC,16.4,31849
Curry County,NM,12.8,23021
Curry County,OR,35,30021
Custer County,CO,33,29258
Custer County,ID,30.1,23805
Custer County,MT,20.7,30504
Custer County,NE,22.7,33561
Custer County,OK,14.1,26520
Custer County,SD,31.7,33649
Cuyahoga County,OH,18.6,33114
Dade County,GA,20.1,24000
Dade County,MO,23.9,23186
Daggett County,UT,27.3,29574
Dakota County,MN,14.7,41552
Dakota County,NE,13.9,25269
Dale County,AL,17.3,24645
Dallam County,TX,11.8,27491
Dallas County,AL,18.9,19612
Dallas County,AR,24.4,20517
Dallas County,IA,12.1,45090
Dallas County,MO,20.8,23647
Dallas County,TX,11.1,32653
Dane County,WI,14.2,40614
Daniels County,MT,28.3,35133
Danville city,VA,20.3,22826
Dare County,NC,22.2,34578
Darke County,OH,19.9,27855
Darlington County,SC,19.5,23027
Dauphin County,PA,17.4,33639
Davidson County,NC,18.5,25988
Davidson County,TN,12.5,36440
Davie County,NC,21.7,31173
Daviess County,IN,15.4,23848
Daviess County,KY,17.3,28806
Daviess County,MO,21.2,24929
Davis County,IA,17.7,29387
Davis County,UT,10.3,31205
Davison County,SD,19.1,31560
Dawes County,NE,19,25383
Dawson County,GA,20.2,34239
Dawson County,MT,20.4,31658
Dawson County,NE,17.2,25956
Dawson County,TX,14.9,20084
Day County,SD,26.2,29808
De Baca County,NM,28.7,17376
De Soto Parish,LA,18.3,26767
De Witt County,IL,19.8,30729
DeKalb County,AL,17.6,21907
DeKalb County,GA,12.9,36077
DeKalb County,IL,12.9,29430
DeKalb County,IN,16.6,29073
DeKalb County,MO,16.6,20125
DeKalb County,TN,18.8,25399
DeSoto County,FL,22.5,18503
DeSoto County,MS,13.2,30195
DeWitt County,TX,20,28910
Deaf Smith County,TX,13.1,21616
Dearborn County,IN,18.3,30800
Decatur County,GA,16.7,21568
Decatur County,IA,20.3,22875
Decatur County,IN,17.4,27006
Decatur County,KS,28.4,30905
Decatur County,TN,24.1,23857
Deer Lodge County,MT,24.5,26241
Defiance County,OH,19.2,29816
Del Norte County,CA,18.4,23674
Delaware County,IA,19.8,32112
Delaware County,IN,17.5,25107
Delaware County,NY,25.2,27701
Delaware County,OH,14.1,48117
Delaware County,OK,25.2,24070
Delaware County,PA,16.8,40026
Delta County,CO,26.8,26499
Delta County,MI,24.9,27632
Delta County,TX,21,27667
Denali Borough,AK,11.3,34365
Dent County,MO,22.3,22711
Denton County,TX,10.5,41153
Denver County,CO,11.9,43770
Des Moines County,IA,21.2,29941
Deschutes County,OR,20.5,35507
Desha County,AR,19.6,19235
Deuel County,NE,23.4,26351
Deuel County,SD,22,30601
Dewey County,OK,18.2,28310
Dewey County,SD,9.9,17504
Dickens County,TX,23.7,25025
Dickenson County,VA,23,24978
Dickey County,ND,20.7,33539
Dickinson County,IA,26.7,39052
Dickinson County,KS,20.3,27219
Dickinson County,MI,22.8,29656
Dickson County,TN,16.7,27115
Dillingham Census Area,AK,10,25993
Dillon County,SC,17.2,17605
Dimmit County,TX,17.3,16925
Dinwiddie County,VA,17.9,28922
District of Columbia,DC,12.4,56147
Divide County,ND,25.4,40184
Dixie County,FL,23.7,21144
Dixon County,NE,20.7,27634
Doddridge County,WV,21.8,24053
Dodge County,GA,18.6,20216
Dodge County,MN,15.2,34399
Dodge County,NE,19.4,28019
Dodge County,WI,18.2,29726
Dolores County,CO,26.2,26323
Doniphan County,KS,19.8,25775
Donley County,TX,24.5,25534
Dooly County,GA,21.1,22716
Door County,WI,30.5,38744
Dorchester County,MD,22.1,30293
Dorchester County,SC,14.5,29853
Dougherty County,GA,16.5,22059
Douglas County,CO,12.4,53313
Douglas County,GA,11.9,27743
Douglas County,IL,18.3,28139
Douglas County,KS,12.8,32281
Douglas County,MN,23.4,36535
Douglas County,MO,24.9,21083
Douglas County,NE,13.4,35307
Douglas County,NV,29.7,38814
Douglas County,OR,26.3,26478
Douglas County,SD,24,30033
Douglas County,WA,18.2,30544
Douglas County,WI,19.2,30153
Dona Ana County,NM,16.2,22154
Drew County,AR,18.2,25543
DuPage County,IL,16.1,46272
Dubois County,IN,17.9,30366
Dubuque County,IA,18.3,32905
Duchesne County,UT,12.4,24573
Dukes County,MA,25.1,45990
Dundy County,NE,26.2,25479
Dunklin County,MO,18.8,21801
Dunn County,ND,16.1,42691
Dunn County,WI,16.1,28034
Duplin County,NC,19.4,20254
Durham County,NC,13.6,35398
Dutchess County,NY,18.1,40093
Duval County,FL,14.5,31327
Duval County,TX,18.2,17637
Dyer County,TN,17.9,27710
Eagle County,CO,12.4,44391
Early County,GA,19.3,19026
East Baton Rouge Parish,LA,14.6,32431
East Carroll Parish,LA,15.3,19483
East Feliciana Parish,LA,18.4,23612
Eastland County,TX,22.1,24548
Eaton County,MI,19.1,33427
Eau Claire County,WI,16.2,30983
Echols County,GA,13.8,23885
Ector County,TX,9.6,28954
Eddy County,ND,23.7,35639
Eddy County,NM,14.6,30246
Edgar County,IL,22.5,27797
Edgecombe County,NC,20.4,20626
Edgefield County,SC,19.4,26228
Edmonson County,KY,21.4,21802
Edmunds County,SD,22,34628
Edwards County,IL,21.9,28255
Edwards County,KS,21.7,27431
Edwards County,TX,29,24689
Effingham County,GA,11.9,31704
Effingham County,IL,17.9,31665
El Dorado County,CA,21.9,42749
El Paso County,CO,13.2,33728
El Paso County,TX,12.5,21683
Elbert County,CO,17.2,44690
Elbert County,GA,21.3,22355
Elk County,KS,28.9,23875
Elk County,PA,22.5,29772
Elkhart County,IN,15.1,26150
Elko County,NV,11.8,33875
Elliott County,KY,20.4,13856
Ellis County,KS,16,30956
Ellis County,OK,23.2,28195
Ellis County,TX,13.1,32571
Ellsworth County,KS,21.3,26443
Elmore County,AL,15.6,29052
Elmore County,ID,14.1,23028
Emanuel County,GA,16.5,19389
Emery County,UT,17.7,23705
Emmet County,IA,21.6,28651
Emmet County,MI,23.3,34074
Emmons County,ND,28.1,33088
Emporia city,VA,16.8,18494
Erath County,TX,14.7,27639
Erie County,NY,18.4,33598
Erie County,OH,22.6,32790
Erie County,PA,18.6,28306
Escambia County,AL,18.3,19028
Escambia County,FL,17.1,28022
Esmeralda County,NV,35.7,25849
Essex County,MA,17.6,42347
Essex County,NJ,13.9,38722
Essex County,NY,24.3,31667
Essex County,VA,23.7,26847
Essex County,VT,26.5,25376
Estill County,KY,19.2,17746
Etowah County,AL,19.4,24883
Eureka County,NV,16.4,34249
Evangeline Parish,LA,15.8,18770
Evans County,GA,16.3,20725
Fairbanks North Star Borough,AK,11.2,37025
Fairfax County,VA,14,56231
Fairfax city,VA,14.9,50029
Fairfield County,CT,16.3,57263
Fairfield County,OH,16.1,32021
Fairfield County,SC,22.4,23380
Fall River County,SD,29.9,27556
Fallon County,MT,17,37024
Falls Church city,VA,12.9,72325
Falls County,TX,18.7,18745
Fannin County,GA,30.6,27940
Fannin County,TX,18.6,27112
Faribault County,MN,23.2,29991
Faulk County,SD,23.6,27569
Faulkner County,AR,12.9,26913
Fauquier County,VA,16.9,45408
Fayette County,AL,21.7,22483
Fayette County,GA,18.7,44061
Fayette County,IA,21.5,28643
Fayette County,IL,19.4,23194
Fayette County,IN,20.5,24015
Fayette County,KY,13.9,34442
Fayette County,OH,18.3,26079
Fayette County,PA,21.7,27368
Fayette County,TN,22.1,33383
Fayette County,TX,26.4,30170
Fayette County,WV,21.8,21914
Fentress County,TN,22.4,20093
Fergus County,MT,25.2,30529
Ferry County,WA,28.2,25857
Fillmore County,MN,21.2,30392
Fillmore County,NE,23.1,34483
Finney County,KS,11.4,24152
Fisher County,TX,25.1,28750
Flagler County,FL,31.2,29383
Flathead County,MT,20.2,31694
Fleming County,KY,18,23593
Florence County,SC,17.4,26127
Florence County,WI,27.1,32348
Floyd County,GA,17,25776
Floyd County,IA,22.2,29622
Floyd County,IN,16.5,33478
Floyd County,KY,18.8,19471
Floyd County,TX,18.7,23617
Floyd County,VA,23.5,26882
Fluvanna County,VA,20.5,39633
Foard County,TX,27.3,27573
Fond du Lac County,WI,19,31653
Ford County,IL,19.3,28957
Ford County,KS,11.3,23293
Forest County,PA,22.8,15245
Forest County,WI,23.1,25700
Forrest County,MS,13.9,22534
Forsyth County,GA,12.4,43832
Forsyth County,NC,16.4,30769
Fort Bend County,TX,11.6,39994
Foster County,ND,22.6,35299
Fountain County,IN,20.3,28058
Franklin County,AL,17.1,21641
Franklin County,AR,19.9,20480
Franklin County,FL,24.1,26574
Franklin County,GA,19.2,23187
Franklin County,IA,21.4,29546
Franklin County,ID,14.6,24185
Franklin County,IL,20.9,24098
Franklin County,IN,19,29166
Franklin County,KS,17,26998
Franklin County,KY,18.4,30711
Franklin County,MA,23.1,35908
Franklin County,ME,22.7,27252
Franklin County,MO,18,30278
Franklin County,MS,20.8,23067
Franklin County,NC,17.1,27294
Franklin County,NE,28.3,28365
Franklin County,NY,17.4,25406
Franklin County,OH,12.4,33998
Franklin County,PA,20.1,31221
Franklin County,TN,20.3,28317
Franklin County,TX,22.1,28789
Franklin County,VA,24.2,30487
Franklin County,VT,16.7,31195
Franklin County,WA,9.7,24380
Franklin Parish,LA,18.4,19206
Franklin city,VA,19.3,24025
Frederick County,MD,14.8,43582
Frederick County,VA,17.8,35123
Fredericksburg city,VA,10.8,35731
Freeborn County,MN,22.5,29316
Freestone County,TX,20.3,24621
Fremont County,CO,22.1,22692
Fremont County,IA,23.4,29261
Fremont County,ID,17.5,23577
Fremont County,WY,18.8,28324
Fresno County,CA,12.6,24422
Frio County,TX,12.3,19256
Frontier County,NE,24.2,28899
Fulton County,AR,26,19697
Fulton County,GA,12,47163
Fulton County,IL,21.2,27741
Fulton County,IN,19.9,26427
Fulton County,KY,20.7,18247
Fulton County,NY,20.1,27443
Fulton County,OH,18.4,29600
Fulton County,PA,22,27396
Furnas County,NE,25.3,27021
Gadsden County,FL,18.7,20734
Gage County,NE,21.1,29565
Gaines County,TX,8.9,23533
Galax city,VA,22.4,23025
Gallatin County,IL,24.4,33377
Gallatin County,KY,14.2,23638
Gallatin County,MT,13.1,36924
Gallia County,OH,19.3,24130
Galveston County,TX,14.9,36819
Garden County,NE,29,35050
Garfield County,CO,13.8,33393
Garfield County,MT,24.1,28541
Garfield County,NE,29.2,29146
Garfield County,OK,16.5,28333
Garfield County,UT,24,25247
Garfield County,WA,25.3,26742
Garland County,AR,24.3,27171
Garrard County,KY,18.4,26272
Garrett County,MD,23.1,30617
Garvin County,OK,18.2,24880
Garza County,TX,11.5,19997
Gasconade County,MO,23.1,28617
Gaston County,NC,16.3,27352
Gates County,NC,20.9,25846
Geary County,KS,9,23897
Geauga County,OH,21.1,42958
Gem County,ID,22,22661
Genesee County,MI,18,27295
Genesee County,NY,19.3,30511
Geneva County,AL,20.6,21711
Gentry County,MO,19.9,24269
George County,MS,14.6,22732
Georgetown County,SC,28.6,31382
Gibson County,IN,17.8,28076
Gibson County,TN,18.3,23211
Gila County,AZ,29.4,24251
Gilchrist County,FL,20.7,21578
Giles County,TN,20.5,25690
Giles County,VA,22.4,27137
Gillespie County,TX,30.1,34077
Gilliam County,OR,27.6,26482
Gilmer County,GA,25.5,27282
Gilmer County,WV,17.7,18067
Gilpin County,CO,17.8,49641
Glacier County,MT,12.6,18043
Glades County,FL,27.6,21953
Gladwin County,MI,27.1,25657
Glascock County,GA,18.3,23541
Glasscock County,TX,14.9,31830
Glenn County,CA,15.8,22668
Gloucester County,NJ,16.3,39337
Gloucester County,VA,19.6,33692
Glynn County,GA,21.1,33848
Gogebic County,MI,28.6,25555
Golden Valley County,MT,27.8,30790
Golden Valley County,ND,25.6,33111
Goliad County,TX,23.9,29855
Gonzales County,TX,17.1,27407
Goochland County,VA,22.9,51720
Goodhue County,MN,20.1,34803
Gooding County,ID,17.9,23607
Gordon County,GA,15.3,24092
Goshen County,WY,22.3,28554
Gosper County,NE,24.5,37565
Gove County,KS,24.2,28859
Grady County,GA,18.5,22543
Grady County,OK,16.7,30242
Grafton County,NH,21.3,37750
Graham County,AZ,14,18683
Graham County,KS,28,27236
Graham County,NC,24.5,20323
Grainger County,TN,20.9,23595
Grand County,CO,18.5,37876
Grand County,UT,19.4,27431
Grand Forks County,ND,13.3,32153
Grand Isle County,VT,21.5,39770
Grand Traverse County,MI,20.8,35405
Granite County,MT,31.6,30752
Grant County,AR,18.5,28153
Grant County,IN,19.4,23046
Grant County,KS,14.6,25411
Grant County,KY,14,23721
Grant County,MN,24,32871
Grant County,ND,30.6,34786
Grant County,NE,22.8,23264
Grant County,NM,28.6,25590
Grant County,OK,22.3,28815
Grant County,OR,31.4,27367
Grant County,SD,21.4,31479
Grant County,WA,14,24280
Grant County,WI,17.7,25892
Grant County,WV,25.1,23351
Grant Parish,LA,15.5,18801
Granville County,NC,17.7,27131
Gratiot County,MI,17.8,23616
Graves County,KY,18.8,24750
Gray County,KS,15.5,29421
Gray County,TX,16.1,24686
Grays Harbor County,WA,22.3,27210
Grayson County,KY,18.1,21231
Grayson County,TX,17.8,28011
Grayson County,VA,25.3,21663
Greeley County,KS,19.7,28982
Greeley County,NE,25.3,26553
Green County,KY,21.1,22506
Green County,WI,19.3,33459
Green Lake County,WI,22.8,29207
Greenbrier County,WV,23.5,24581
Greene County,AL,23.3,14884
Greene County,AR,16.3,23494
Greene County,GA,29.3,37818
Greene County,IA,22.5,28451
Greene County,IL,20,25414
Greene County,IN,19.8,25453
Greene County,MO,16.8,27525
Greene County,MS,15.3,16006
Greene County,NC,17,19168
Greene County,NY,22.7,28433
Greene County,OH,17.5,35833
Greene County,PA,19.4,27783
Greene County,TN,22.1,25190
Greene County,VA,17.8,32508
Greenlee County,AZ,13.7,25780
Greensville County,VA,15.3,19550
Greenup County,KY,21.3,27722
Greenville County,SC,16.1,32679
Greenwood County,KS,25.4,27500
Greenwood County,SC,18.9,24752
Greer County,OK,17.8,18907
Gregg County,TX,15.7,26535
Gregory County,SD,25.8,26546
Grenada County,MS,18.1,23135
Griggs County,ND,30.3,34882
Grimes County,TX,17.8,25638
Grundy County,IA,21.2,36231
Grundy County,IL,14.6,35208
Grundy County,MO,22.4,23497
Grundy County,TN,21,20592
Guadalupe County,NM,19.8,17420
Guadalupe County,TX,14.2,31842
Guernsey County,OH,20.1,24742
Guilford County,NC,15.5,30767
Gulf County,FL,26.5,23252
Gunnison County,CO,13.7,32191
Guthrie County,IA,22.8,31128
Gwinnett County,GA,10.5,30636
Haakon County,SD,25.3,24333
Habersham County,GA,18.8,23046
Haines Borough,AK,21.7,31731
Hale County,AL,19.7,21191
Hale County,TX,13.8,20986
Halifax County,NC,21.4,21848
Halifax County,VA,24.8,23909
Hall County,GA,15.4,29680
Hall County,NE,15.1,28359
Hall County,TX,24,21907
Hamblen County,TN,18.5,23517
Hamilton County,FL,18.5,16136
Hamilton County,IA,21,30127
Hamilton County,IL,22.4,27702
Hamilton County,IN,12.8,49287
Hamilton County,KS,14.5,22003
Hamilton County,NE,20.4,32131
Hamilton County,NY,31.9,24851
Hamilton County,OH,15.7,35570
Hamilton County,TN,17.9,32839
Hamilton County,TX,25.4,26930
Hamlin County,SD,15.5,28822
Hampden County,MA,17.3,30346
Hampshire County,MA,17.9,34838
Hampshire County,WV,23.4,24259
Hampton County,SC,18.8,18424
Hampton city,VA,15,30135
Hancock County,GA,23.8,16704
Hancock County,IA,22.8,30309
Hancock County,IL,23.5,28576
Hancock County,IN,16.5,34119
Hancock County,KY,17.7,24830
Hancock County,ME,25.3,34361
Hancock County,MS,20.7,27462
Hancock County,OH,17.7,32797
Hancock County,TN,21.7,23728
Hancock County,WV,23.7,26435
Hand County,SD,25.7,33200
Hanover County,VA,18.4,41200
Hansford County,TX,15,20410
Hanson County,SD,15.5,24948
Haralson County,GA,16.2,25074
Hardee County,FL,17.4,17754
Hardeman County,TN,18.6,18172
Hardeman County,TX,23.2,24078
Hardin County,IA,22.6,28770
Hardin County,IL,26.7,28932
Hardin County,KY,14.4,28606
Hardin County,OH,16.3,23383
Hardin County,TN,23.3,24243
Hardin County,TX,16.9,30399
Harding County,NM,39.2,34721
Harding County,SD,18.2,31819
Hardy County,WV,22.5,27004
Harford County,MD,16.6,41147
Harlan County,KY,19.2,16468
Harlan County,NE,27.3,28919
Harmon County,OK,20.1,26045
Harnett County,NC,12.8,23767
Harney County,OR,24.9,26370
Harper County,KS,23.5,24800
Harper County,OK,19.6,24130
Harris County,GA,19.3,36273
Harris County,TX,10.9,32765
Harrison County,IA,19.9,32443
Harrison County,IN,18.1,28119
Harrison County,KY,18.1,24154
Harrison County,MO,22.8,22032
Harrison County,MS,15.4,25415
Harrison County,OH,21.8,24940
Harrison County,TX,17.4,27086
Harrison County,WV,19.8,28879
Harrisonburg city,VA,9,23202
Hart County,GA,22.1,23181
Hart County,KY,16.7,20742
Hartford County,CT,17.4,40540
Hartley County,TX,15.4,20563
Harvey County,KS,19.8,28226
Haskell County,KS,15.6,26814
Haskell County,OK,20.4,22074
Haskell County,TX,22.4,20394
Hawaii County,HI,21.9,30542
Hawkins County,TN,21.7,24695
Hayes County,NE,28,31286
Hays County,TX,11.4,32118
Haywood County,NC,25,30490
Haywood County,TN,19.7,21839
Heard County,GA,18.3,22714
Hemphill County,TX,15.9,31530
Hempstead County,AR,18.5,21521
Henderson County,IL,25.4,28950
Henderson County,KY,18.3,26212
Henderson County,NC,26.4,31564
Henderson County,TN,18.9,22695
Henderson County,TX,22.4,26121
Hendricks County,IN,14.2,36569
Hendry County,FL,13.8,19167
Hennepin County,MN,14.5,45768
Henrico County,VA,15.9,39516
Henry County,AL,23.4,25276
Henry County,GA,11.9,29889
Henry County,IA,19.5,26408
Henry County,IL,20.9,30345
Henry County,IN,19.3,24687
Henry County,KY,18,25202
Henry County,MO,22.1,26944
Henry County,OH,19.1,28830
Henry County,TN,23.8,24124
Henry County,VA,24.5,22372
Herkimer County,NY,21.2,27850
Hernando County,FL,27.5,25860
Hertford County,NC,20.4,20119
Hettinger County,ND,22,34181
Hickman County,KY,26.4,28114
Hickman County,TN,17.9,22856
Hickory County,MO,33.3,20736
Hidalgo County,NM,22.5,22009
Hidalgo County,TX,11.3,17175
Highland County,OH,18.9,23543
Highland County,VA,35.5,31485
Highlands County,FL,36,25752
Hill County,MT,15.3,23589
Hill County,TX,21,26370
Hillsborough County,FL,14.5,32343
Hillsborough County,NH,16.2,40955
Hillsdale County,MI,20.2,25621
Hinds County,MS,14.8,23734
Hinsdale County,CO,31.5,33570
Hitchcock County,NE,26.5,30037
Hocking County,OH,19.5,25588
Hockley County,TX,15,23604
Hodgeman County,KS,24.4,30044
Hoke County,NC,10.6,20991
Holmes County,FL,20,19201
Holmes County,MS,15.7,15291
Holmes County,OH,14,23404
Holt County,MO,26.2,27520
Holt County,NE,22,31785
Honolulu County,HI,18.2,36816
Hood County,TX,25,35606
Hood River County,OR,16.3,34926
Hooker County,NE,30.9,27714
Hoonah-Angoon Census Area,AK,24,36091
Hopewell city,VA,15.5,21927
Hopkins County,KY,19,25042
Hopkins County,TX,18.6,26821
Horry County,SC,25.1,28202
Hot Spring County,AR,19.3,21866
Hot Springs County,WY,27.7,30643
Houghton County,MI,17.9,23421
Houston County,AL,18.1,27097
Houston County,GA,13,29462
Houston County,MN,22,33032
Houston County,TN,20.8,22360
Houston County,TX,22.5,19129
Howard County,AR,18.1,24481
Howard County,IA,20.9,29032
Howard County,IN,19.9,28129
Howard County,MD,14.3,54628
Howard County,MO,19.7,23753
Howard County,NE,21.6,27489
Howard County,TX,13.1,24547
Howell County,MO,20.1,21048
Hubbard County,MN,25.2,29896
Hudson County,NJ,12.2,40740
Hudspeth County,TX,15.9,14239
Huerfano County,CO,32.1,25140
Hughes County,OK,19,20572
Hughes County,SD,18,33677
Humboldt County,CA,18.6,28769
Humboldt County,IA,22.1,30480
Humboldt County,NV,14.4,33362
Humphreys County,MS,17.7,18513
Humphreys County,TN,20.2,25428
Hunt County,TX,16,25926
Hunterdon County,NJ,19.4,57098
Huntingdon County,PA,21.4,25746
Huntington County,IN,17.5,26502
Huron County,MI,25.9,27852
Huron County,OH,17.6,26133
Hutchinson County,SD,22.9,28872
Hutchinson County,TX,17.1,24434
Hyde County,NC,22.6,18245
Hyde County,SD,25.1,34034
Iberia Parish,LA,15.7,23290
Iberville Parish,LA,16.4,23751
Ida County,IA,22,33789
Idaho County,ID,28.6,22672
Imperial County,CA,13.3,18018
Independence County,AR,18,23733
Indian River County,FL,33.8,36516
Indiana County,PA,20,26509
Ingham County,MI,13.9,29380
Inyo County,CA,23.4,32590
Ionia County,MI,15.2,24864
Iosco County,MI,30.1,25264
Iowa County,IA,19.3,33755
Iowa County,WI,19.5,34114
Iredell County,NC,16.2,33194
Irion County,TX,21.4,28487
Iron County,MI,31.2,25944
Iron County,MO,21.9,21499
Iron County,UT,12.9,22909
Iron County,WI,32.1,28857
Iroquois County,IL,22,27574
Irwin County,GA,18,19878
Isabella County,MI,13.2,23888
Isanti County,MN,16.6,34054
Island County,WA,25.2,37087
Isle of Wight County,VA,19.8,37126
Issaquena County,MS,16.7,16388
Itasca County,MN,24.1,30286
Itawamba County,MS,18,22806
Izard County,AR,26.1,21164
Jack County,TX,17,24956
Jackson County,AL,20.5,22596
Jackson County,AR,18.3,20295
Jackson County,CO,23.3,28199
Jackson County,FL,20.6,20019
Jackson County,GA,14.7,28915
Jackson County,IA,21.3,29660
Jackson County,IL,16.3,24804
Jackson County,IN,16.6,25840
Jackson County,KS,19.4,28127
Jackson County,KY,18.1,18560
Jackson County,MI,18.3,28364
Jackson County,MN,23.1,34325
Jackson County,MO,15.4,31480
Jackson County,MS,16.3,27141
Jackson County,NC,19.9,25347
Jackson County,OH,17.6,23254
Jackson County,OK,15.2,25555
Jackson County,OR,22.6,30250
Jackson County,SD,13.5,13528
Jackson County,TN,22.9,21037
Jackson County,TX,18.4,27051
Jackson County,WI,19.3,26481
Jackson County,WV,20.9,25341
Jackson Parish,LA,20.6,21594
James City County,VA,25.8,44495
Jasper County,GA,17.7,22814
Jasper County,IA,19.5,28604
Jasper County,IL,19.8,25849
Jasper County,IN,18.1,28240
Jasper County,MO,16,24484
Jasper County,MS,20.7,22523
Jasper County,SC,20.1,24566
Jasper County,TX,20.2,25269
Jay County,IN,18.5,23443
Jeff Davis County,GA,16.1,17833
Jeff Davis County,TX,35.7,26531
Jefferson County,AL,16.3,32098
Jefferson County,AR,18,21472
Jefferson County,CO,16.9,44119
Jefferson County,FL,24.6,24510
Jefferson County,GA,18.9,19259
Jefferson County,IA,23.7,28611
Jefferson County,ID,11.6,24677
Jefferson County,IL,19.5,26466
Jefferson County,IN,18.4,27152
Jefferson County,KS,18.9,30655
Jefferson County,KY,16.7,33251
Jefferson County,MO,15.5,29999
Jefferson County,MS,17.4,14659
Jefferson County,MT,22.2,32773
Jefferson County,NE,24.5,27461
Jefferson County,NY,14.2,26194
Jefferson County,OH,22.1,26391
Jefferson County,OK,21.5,24313
Jefferson County,OR,19.8,23987
Jefferson County,PA,21.5,25509
Jefferson County,TN,20.4,25159
Jefferson County,TX,14.9,27094
Jefferson County,WA,37.9,36598
Jefferson County,WI,17.7,31992
Jefferson County,WV,16.7,36305
Jefferson Davis County,MS,23.1,20638
Jefferson Davis Parish,LA,16.7,25474
Jefferson Parish,LA,17.7,30374
Jenkins County,GA,17.4,15531
Jennings County,IN,16.9,26017
Jerauld County,SD,27.2,42660
Jerome County,ID,13.2,21461
Jersey County,IL,19.8,30182
Jessamine County,KY,15.5,31146
Jewell County,KS,30.3,27731
Jim Hogg County,TX,17.1,16864
Jim Wells County,TX,15.7,21510
Jo Daviess County,IL,28.8,34437
Johnson County,AR,16.9,21010
Johnson County,GA,18.6,21087
Johnson County,IA,12.3,35108
Johnson County,IL,21.9,23140
Johnson County,IN,14.8,34408
Johnson County,KS,15,46517
Johnson County,KY,18.7,21974
Johnson County,MO,12.9,25380
Johnson County,NE,19,24072
Johnson County,TN,23.3,22107
Johnson County,TX,14.3,28579
Johnson County,WY,24.6,36084
Johnston County,NC,13.6,27924
Johnston County,OK,19.8,21197
Jones County,GA,18.3,25854
Jones County,IA,21.2,29453
Jones County,MS,17.4,23163
Jones County,NC,24,21928
Jones County,SD,23.8,27139
Jones County,TX,15.9,18081
Josephine County,OR,26.4,25167
Juab County,UT,11.9,22830
Judith Basin County,MT,27.5,28811
Juneau City and Borough,AK,14,43680
Juneau County,WI,20.8,27889
Juniata County,PA,20.6,26239
Kalamazoo County,MI,15.4,31975
Kalawao County,HI,45.3,49118
Kalkaska County,MI,20.7,24358
Kanabec County,MN,20.9,28427
Kanawha County,WV,21.2,29253
Kandiyohi County,MN,19.1,31039
Kane County,IL,14.3,36270
Kane County,UT,23.4,26070
Kankakee County,IL,17.3,27984
Karnes County,TX,14.2,27612
Kauai County,HI,20.7,33143
Kaufman County,TX,11.8,28634
Kay County,OK,19.5,26189
Kearney County,NE,19.8,31094
Kearny County,KS,16.5,23415
Keith County,NE,27.1,29823
Kemper County,MS,20.9,16995
Kenai Peninsula Borough,AK,18.4,34226
Kendall County,IL,10.7,36382
Kendall County,TX,19.3,45866
Kenedy County,TX,16.8,15211
Kennebec County,ME,20.6,30685
Kenosha County,WI,14.6,32298
Kent County,DE,17.5,28845
Kent County,MD,27.1,36813
Kent County,MI,14.1,32524
Kent County,RI,19.4,39869
Kent County,TX,26.4,30543
Kenton County,KY,14.9,33330
Keokuk County,IA,22,29957
Kern County,CA,11.2,23326
Kerr County,TX,28.1,32988
Kershaw County,SC,18.7,25442
Ketchikan Gateway Borough,AK,16.5,37590
Kewaunee County,WI,20.9,30921
Keweenaw County,MI,38.1,34608
Keya Paha County,NE,32.6,28853
Kidder County,ND,25.4,31000
Kimball County,NE,24.9,27478
Kimble County,TX,29.7,30099
King County,TX,18.8,26199
King County,WA,13.5,52462
King George County,VA,13.4,38739
King William County,VA,16.3,30704
King and Queen County,VA,23.6,31174
Kingfisher County,OK,16.4,31724
Kingman County,KS,21.6,34578
Kings County,CA,10.5,22373
Kings County,NY,14.4,34173
Kingsbury County,SD,23.5,35773
Kinney County,TX,24.8,23934
Kiowa County,CO,23,25937
Kiowa County,KS,22.7,26321
Kiowa County,OK,19.7,21482
Kit Carson County,CO,19.5,27797
Kitsap County,WA,18.4,37493
Kittitas County,WA,16.8,29161
Kittson County,MN,24.9,30539
Klamath County,OR,21.7,25880
Kleberg County,TX,13.2,22646
Klickitat County,WA,24.5,29521
Knott County,KY,19.1,18475
Knox County,IL,21.9,24545
Knox County,IN,18.4,26041
Knox County,KY,17.7,17832
Knox County,ME,26,33126
Knox County,MO,22.2,22326
Knox County,NE,25.4,28409
Knox County,OH,18.6,26390
Knox County,TN,16.2,33229
Knox County,TX,20.1,23146
Kodiak Island Borough,AK,11.4,32876
Koochiching County,MN,26.7,29834
Kootenai County,ID,19.4,29948
Kosciusko County,IN,17.3,29786
Kossuth County,IA,24.4,31225
La Crosse County,WI,16.9,32565
La Paz County,AZ,39.8,22879
La Plata County,CO,18.2,39493
La Salle County,TX,13.5,21110
LaGrange County,IN,13.9,24549
LaMoure County,ND,27.5,37220
LaPorte County,IN,18.5,27264
LaSalle County,IL,19.4,30277
La Salle Parish,LA,17.2,21654
Labette County,KS,19.5,24572
Lac qui Parle County,MN,27.9,32437
Lackawanna County,PA,20.3,29899
Laclede County,MO,17.8,23051
Lafayette County,AR,24.7,25876
Lafayette County,FL,17.3,20776
Lafayette County,MO,18.9,29565
Lafayette County,MS,13.3,27765
Lafayette County,WI,19.4,28448
Lafayette Parish,LA,13.8,31892
Lafourche Parish,LA,16,28683
Lake County,CA,23.1,27362
Lake County,CO,14.6,29122
Lake County,FL,27.1,28348
Lake County,IL,14.8,45766
Lake County,IN,16.9,28923
Lake County,MI,29.8,20461
Lake County,MN,26.8,34207
Lake County,MT,22.7,25388
Lake County,OH,20.6,34409
Lake County,OR,25.5,24241
Lake County,SD,23.7,33728
Lake County,TN,16.7,15732
Lake and Peninsula Borough,AK,11.5,24836
Lake of the Woods County,MN,25.4,25640
Lamar County,AL,22.2,22636
Lamar County,GA,17.4,22413
Lamar County,MS,14.4,30062
Lamar County,TX,19.5,25038
Lamb County,TX,17.4,22337
Lamoille County,VT,17.9,36747
Lampasas County,TX,20.2,29412
Lancaster County,NE,14.4,32378
Lancaster County,PA,18.4,32194
Lancaster County,SC,21.4,30742
Lancaster County,VA,36.7,40062
Lander County,NV,16,34000
Lane County,KS,23.5,28435
Lane County,OR,19.9,29705
Langlade County,WI,24.7,27618
Lanier County,GA,14.1,19207
Lapeer County,MI,18.9,30344
Laramie County,WY,16.5,35190
Larimer County,CO,16.2,37363
Larue County,KY,17.9,24803
Las Animas County,CO,25.4,25813
Lassen County,CA,15.5,22134
Latah County,ID,14.1,27011
Latimer County,OK,22.1,25240
Lauderdale County,AL,20.5,28033
Lauderdale County,MS,17.8,24698
Lauderdale County,TN,16.3,18515
Laurel County,KY,16.7,22398
Laurens County,GA,18.1,21665
Laurens County,SC,18.8,23004
Lavaca County,TX,23.7,32188
Lawrence County,AL,19.1,23450
Lawrence County,AR,19.9,21473
Lawrence County,IL,17.9,23613
Lawrence County,IN,20.6,26603
Lawrence County,KY,18,18124
Lawrence County,MO,18.4,22957
Lawrence County,MS,18.2,22980
Lawrence County,OH,19.1,24562
Lawrence County,PA,22.5,28926
Lawrence County,SD,22.9,31712
Lawrence County,TN,17.9,21720
Le Flore County,OK,18.3,20902
Le Sueur County,MN,17.7,33311
Lea County,NM,11.4,25585
Leake County,MS,16.7,19893
Leavenworth County,KS,15,32444
Lebanon County,PA,19.9,29130
Lee County,AL,12.4,27860
Lee County,AR,20.2,16968
Lee County,FL,29.2,33543
Lee County,GA,13,29348
Lee County,IA,21,26710
Lee County,IL,20.2,29984
Lee County,KY,17.2,17386
Lee County,MS,15.2,26369
Lee County,NC,16.8,24842
Lee County,SC,19.7,19300
Lee County,TX,18.7,27227
Lee County,VA,22.2,19720
Leelanau County,MI,32,39073
Leflore County,MS,14.7,18419
Lehigh County,PA,17.1,33566
Lemhi County,ID,30.6,25075
Lenawee County,MI,19.4,27850
Lenoir County,NC,20.2,23865
Leon County,FL,13.9,30586
Leon County,TX,24.9,30129
Leslie County,KY,18.7,15838
Letcher County,KY,19.9,20641
Levy County,FL,25.1,21579
Lewis County,ID,26.9,24094
Lewis County,KY,18.5,19860
Lewis County,MO,18.8,22739
Lewis County,NY,19,26708
Lewis County,TN,21.3,21516
Lewis County,WA,21.3,27127
Lewis County,WV,21.1,23820
Lewis and Clark County,MT,19.4,34504
Lexington County,SC,16.2,31671
Lexington city,VA,15.6,19047
Liberty County,FL,15,17872
Liberty County,GA,9.6,22811
Liberty County,MT,22.1,43320
Liberty County,TX,12.9,23461
Licking County,OH,16.8,31617
Limestone County,AL,15.2,28411
Limestone County,TX,19.9,22595
Lincoln County,AR,15.9,14764
Lincoln County,CO,17.6,16753
Lincoln County,GA,24.5,26918
Lincoln County,ID,14.1,21656
Lincoln County,KS,25.4,25803
Lincoln County,KY,18.8,21480
Lincoln County,ME,28.2,33595
Lincoln County,MN,25.1,30253
Lincoln County,MO,13.7,26848
Lincoln County,MS,17.5,23541
Lincoln County,MT,29.5,25081
Lincoln County,NC,17.9,31771
Lincoln County,NE,20.1,31567
Lincoln County,NM,29.2,27454
Lincoln County,NV,25.3,26432
Lincoln County,OK,18.6,25255
Lincoln County,OR,29.3,27861
Lincoln County,SD,13.4,40059
Lincoln County,TN,19.7,26965
Lincoln County,WA,25.9,28891
Lincoln County,WI,22.2,30972
Lincoln County,WV,20,21456
Lincoln County,WY,18,29747
Lincoln Parish,LA,14,22863
Linn County,IA,16.3,34545
Linn County,KS,23.1,27926
Linn County,MO,21.4,25130
Linn County,OR,19.1,27345
Lipscomb County,TX,19.1,28131
Litchfield County,CT,22,44480
Little River County,AR,20.9,25759
Live Oak County,TX,20.8,25370
Livingston County,IL,19.4,27925
Livingston County,KY,22.5,27728
Livingston County,MI,17.9,40351
Livingston County,MO,19.5,23587
Livingston County,NY,18.3,28701
Livingston Parish,LA,13.3,29354
Llano County,TX,37.3,37050
Logan County,AR,20.5,21491
Logan County,CO,18.1,26727
Logan County,IL,18.6,27546
Logan County,KS,21.2,28135
Logan County,KY,18.6,24221
Logan County,ND,26.6,32619
Logan County,NE,22.6,24355
Logan County,OH,18.7,29424
Logan County,OK,16.4,31105
Logan County,WV,21.1,21936
Long County,GA,10.2,22639
Lonoke County,AR,13.8,27293
Lorain County,OH,18.8,30928
Los Alamos County,NM,18.1,60746
Los Angeles County,CA,14.1,34156
Loudon County,TN,26.9,31478
Loudoun County,VA,9.7,55744
Louisa County,IA,19.4,29021
Louisa County,VA,20.3,34041
Loup County,NE,26.2,27726
Love County,OK,19.6,22036
Loving County,TX,13.6,33624
Lowndes County,AL,19.8,20209
Lowndes County,GA,12.6,23348
Lowndes County,MS,16.3,26438
Lubbock County,TX,12.7,27922
Lucas County,IA,22.4,31069
Lucas County,OH,16.7,29226
Luce County,MI,21.1,22350
Lumpkin County,GA,17.8,27155
Luna County,NM,21.2,17168
Lunenburg County,VA,22.7,19848
Luzerne County,PA,20.2,28972
Lycoming County,PA,19.8,27950
Lyman County,SD,16.2,22850
Lynchburg city,VA,14.1,23863
Lynn County,TX,16.4,24917
Lyon County,IA,18.4,29124
Lyon County,KS,15.6,26904
Lyon County,KY,26,26994
Lyon County,MN,16.5,29634
Lyon County,NV,21.2,27855
Mackinac County,MI,28.6,28966
Macomb County,MI,17.4,32238
Macon County,AL,20.9,20419
Macon County,GA,18.1,17883
Macon County,IL,20.4,29644
Macon County,MO,22.8,22136
Macon County,NC,28.9,28936
Macon County,TN,16.1,22527
Macoupin County,IL,20.4,28809
Madera County,CA,14.3,22853
Madison County,AL,15.3,36620
Madison County,AR,19.4,24356
Madison County,FL,21.1,19510
Madison County,GA,17.4,24511
Madison County,IA,17.6,35470
Madison County,ID,7.1,16585
Madison County,IL,17.6,32427
Madison County,IN,18.7,25557
Madison County,KY,14.2,25837
Madison County,MO,19.6,24418
Madison County,MS,13.9,38901
Madison County,MT,29.5,35719
Madison County,NC,23.1,25956
Madison County,NE,16.2,28179
Madison County,NY,18.9,30469
Madison County,OH,15.9,29164
Madison County,TN,17.6,26722
Madison County,TX,15.8,20748
Madison County,VA,22.9,30777
Madison Parish,LA,14.9,16671
Magoffin County,KY,17.8,18243
Mahaska County,IA,18.5,28174
Mahnomen County,MN,17.3,21279
Mahoning County,OH,21.4,28378
Major County,OK,20.5,28609
Malheur County,OR,16.8,18974
Manassas Park city,VA,8.5,34326
Manassas city,VA,9.7,33082
Manatee County,FL,28.1,33853
Manistee County,MI,26.3,26668
Manitowoc County,WI,21.1,30130
Marathon County,WI,18.2,33189
Marengo County,AL,19.9,25635
Maricopa County,AZ,15.5,33279
Maries County,MO,22,26226
Marin County,CA,23,72466
Marinette County,WI,24.5,28282
Marion County,AL,21.5,21311
Marion County,AR,29.1,21395
Marion County,FL,29.2,25839
Marion County,GA,20.9,22541
Marion County,IA,18.4,30644
Marion County,IL,19.8,25563
Marion County,IN,12.9,28566
Marion County,KS,23.8,26577
Marion County,KY,16.9,22241
Marion County,MO,18.3,25069
Marion County,MS,19.3,19545
Marion County,OH,18.2,24484
Marion County,OR,16.2,27338
Marion County,SC,20.7,20160
Marion County,TN,20.3,25467
Marion County,TX,27.4,27566
Marion County,WV,19.8,26380
Mariposa County,CA,28.9,28757
Marlboro County,SC,18.6,17456
Marquette County,MI,19.6,27979
Marquette County,WI,25.1,27922
Marshall County,AL,17.3,24453
Marshall County,IA,18.5,27196
Marshall County,IL,23.6,30808
Marshall County,IN,18.3,25761
Marshall County,KS,22.1,28469
Marshall County,KY,22.1,29792
Marshall County,MN,22.3,30746
Marshall County,MS,18.2,21853
Marshall County,OK,21.9,22781
Marshall County,SD,21.2,32472
Marshall County,TN,16.4,25410
Marshall County,WV,23,26472
Martin County,FL,31.5,42199
Martin County,IN,20.6,26758
Martin County,KY,17.1,18017
Martin County,MN,24.1,31066
Martin County,NC,23.9,23575
Martin County,TX,11.4,30548
Martinsville city,VA,18.7,22836
Mason County,IL,22.4,28534
Mason County,KY,18.7,28411
Mason County,MI,24.3,29549
Mason County,TX,29.2,30388
Mason County,WA,23.3,28862
Mason County,WV,21.6,24844
Massac County,IL,21.4,23539
Matagorda County,TX,17.4,25172
Matanuska-Susitna Borough,AK,12.7,31232
Mathews County,VA,31.5,35731
Maui County,HI,19,35241
Maury County,TN,16.3,28970
Maverick County,TX,11.9,16779
Mayes County,OK,18.9,24472
McClain County,OK,15.7,32259
McCone County,MT,27.1,27912
McCook County,SD,18.9,29020
McCormick County,SC,35.6,25617
McCracken County,KY,20.3,32357
McCreary County,KY,16.3,14505
McCulloch County,TX,22.4,24311
McCurtain County,OK,18.6,20671
McDonald County,MO,15.6,20468
McDonough County,IL,18.1,24094
McDowell County,NC,20.8,24281
McDowell County,WV,22.8,15047
McDuffie County,GA,18.1,21625
McHenry County,IL,15.2,39006
McHenry County,ND,20.9,36980
McIntosh County,GA,28.1,26892
McIntosh County,ND,32.2,32131
McIntosh County,OK,25.9,23268
McKean County,PA,20.1,27023
McKenzie County,ND,8.8,36690
McKinley County,NM,12.9,15931
McLean County,IL,13.8,34532
McLean County,KY,20,25610
McLean County,ND,24.2,36428
McLennan County,TX,14.7,25703
McLeod County,MN,19.1,32465
McMinn County,TN,19.9,23885
McMullen County,TX,25.4,31455
McNairy County,TN,21.2,20934
McPherson County,KS,20.2,31006
McPherson County,NE,24.1,30063
McPherson County,SD,28.3,28559
Meade County,KS,19.5,28945
Meade County,KY,14.7,27861
Meade County,SD,16,28809
Meagher County,MT,31.6,24723
Mecklenburg County,NC,11.5,38819
Mecklenburg County,VA,25.9,25056
Mecosta County,MI,18.6,23431
Medina County,OH,18.5,37788
Medina County,TX,17,27475
Meeker County,MN,20.5,32368
Meigs County,OH,20.4,24899
Meigs County,TN,21.7,24525
Mellette County,SD,14.8,13784
Menard County,IL,20,37098
Menard County,TX,32.7,25742
Mendocino County,CA,23.1,29035
Menifee County,KY,21.4,20588
Menominee County,MI,25.6,27942
Menominee County,WI,14,20313
Merced County,CA,11.4,23011
Mercer County,IL,21.8,29268
Mercer County,KY,18.9,27061
Mercer County,MO,22.5,23042
Mercer County,ND,20.1,39025
Mercer County,NJ,15.6,43086
Mercer County,OH,18.2,29765
Mercer County,PA,22.2,27639
Mercer County,WV,22.4,22212
Meriwether County,GA,20.8,21038
Merrick County,NE,20.7,28795
Merrimack County,NH,18.7,37367
Mesa County,CO,19.7,29596
Metcalfe County,KY,19.4,19121
Miami County,IN,18,24028
Miami County,KS,17.1,35659
Miami County,OH,18.9,31254
Miami-Dade County,FL,16.7,28224
Middlesex County,CT,21,46023
Middlesex County,MA,15.7,52228
Middlesex County,NJ,15.5,39599
Middlesex County,VA,32,31502
Midland County,MI,18.9,36142
Midland County,TX,10.4,39248
Mifflin County,PA,22.1,25469
Milam County,TX,21.1,25714
Millard County,UT,17.8,25225
Mille Lacs County,MN,18.6,27758
Miller County,AR,17.2,23729
Miller County,GA,22.5,23870
Miller County,MO,19.6,25827
Mills County,IA,18.9,34850
Mills County,TX,29.1,27374
Milwaukee County,WI,14,29270
Miner County,SD,21,28381
Mineral County,CO,33.6,33955
Mineral County,MT,29.6,23621
Mineral County,NV,25.4,22921
Mineral County,WV,22.1,25490
Mingo County,WV,19.8,20060
Minidoka County,ID,16.2,24262
Minnehaha County,SD,13.5,31716
Missaukee County,MI,20.7,23838
Mississippi County,AR,15,22750
Mississippi County,MO,18.2,18549
Missoula County,MT,16.2,31897
Mitchell County,GA,16.9,18619
Mitchell County,IA,21.4,29676
Mitchell County,KS,24.2,25801
Mitchell County,NC,25.5,25009
Mitchell County,TX,14.7,21136
Mobile County,AL,16.6,25861
Modoc County,CA,27.5,22843
Moffat County,CO,15.9,29100
Mohave County,AZ,31.1,26166
Moniteau County,MO,16.2,24224
Monmouth County,NJ,18.2,51700
Mono County,CA,16.1,34552
Monona County,IA,24.7,29591
Monongalia County,WV,13.2,32154
Monroe County,AL,21.1,20527
Monroe County,AR,24.1,23538
Monroe County,FL,23.7,46028
Monroe County,GA,19.2,33290
Monroe County,IA,20.3,28999
Monroe County,IL,18.4,42152
Monroe County,IN,13.6,28514
Monroe County,KY,19.2,23481
Monroe County,MI,18.8,31481
Monroe County,MO,24,24697
Monroe County,MS,19.7,23844
Monroe County,NY,17.9,33840
Monroe County,OH,24.1,26476
Monroe County,PA,17.8,29662
Monroe County,TN,21.4,23207
Monroe County,WI,17.5,29242
Monroe County,WV,25.4,23923
Montague County,TX,22.4,28096
Montcalm County,MI,18.1,24200
Monterey County,CA,14,30073
Montezuma County,CO,22.9,26072
Montgomery County,AL,15.6,29071
Montgomery County,AR,27,22631
Montgomery County,GA,17.5,22477
Montgomery County,IA,21.6,29781
Montgomery County,IL,20.6,26609
Montgomery County,IN,18.3,27162
Montgomery County,KS,20.3,24647
Montgomery County,KY,16.3,22381
Montgomery County,MD,16.1,54510
Montgomery County,MO,21.3,24682
Montgomery County,MS,22.2,24054
Montgomery County,NC,21.1,24636
Montgomery County,NY,18.9,26521
Montgomery County,OH,18.3,30034
Montgomery County,PA,18.2,48845
Montgomery County,TN,9.5,26923
Montgomery County,TX,13.4,41211
Montgomery County,VA,13.2,30054
Montmorency County,MI,32.8,23958
Montour County,PA,21.5,34575
Montrose County,CO,24.1,28078
Moody County,SD,19.2,31300
Moore County,NC,24,34606
Moore County,TN,22.1,30658
Moore County,TX,11.3,23001
Mora County,NM,28.9,19864
Morehouse Parish,LA,19.4,18494
Morgan County,AL,17.8,27367
Morgan County,CO,15.6,25064
Morgan County,GA,20.5,33571
Morgan County,IL,20.2,26755
Morgan County,IN,17.3,30721
Morgan County,KY,17.4,18310
Morgan County,MO,23.4,21316
Morgan County,OH,21.9,22937
Morgan County,TN,18.6,20204
Morgan County,UT,11.9,31732
Morgan County,WV,23.8,28127
Morrill County,NE,21.7,26951
Morris County,KS,24.4,29558
Morris County,NJ,17.6,58109
Morris County,TX,22,22971
Morrison County,MN,20,29680
Morrow County,OH,17.8,28257
Morrow County,OR,16.8,23682
Morton County,KS,21.9,23447
Morton County,ND,17,39384
Motley County,TX,30.7,29071
Moultrie County,IL,19.4,29538
Mountrail County,ND,11.6,36364
Mower County,MN,18.5,29720
Muhlenberg County,KY,19.6,22612
Multnomah County,OR,13.9,39245
Murray County,GA,15.3,21989
Murray County,MN,26,31874
Murray County,OK,20.2,26943
Muscatine County,IA,17.2,29511
Muscogee County,GA,13.7,26097
Muskegon County,MI,17.6,25435
Muskingum County,OH,18.2,25148
Muskogee County,OK,17.1,23826
Musselshell County,MT,27.6,24979
Nacogdoches County,TX,15.3,23617
Nance County,NE,21.8,29454
Nantucket County,MA,14.8,55398
Napa County,CA,19.7,45195
Nash County,NC,19,27406
Nassau County,FL,22.8,36553
Nassau County,NY,18.2,51422
Natchitoches Parish,LA,17.1,19198
Natrona County,WY,15.9,33797
Navajo County,AZ,18.8,18935
Navarro County,TX,17.3,23786
Nelson County,KY,16.1,32735
Nelson County,ND,26.5,34491
Nelson County,VA,28.2,35489
Nemaha County,KS,20,30344
Nemaha County,NE,20.4,29574
Neosho County,KS,20.2,23845
Neshoba County,MS,16.1,19540
Ness County,KS,26.9,34243
Nevada County,AR,21,19912
Nevada County,CA,28.4,39233
New Castle County,DE,16.1,37532
New Hanover County,NC,18.4,34288
New Haven County,CT,17.9,38009
New Kent County,VA,17.7,38080
New London County,CT,18.8,39426
New Madrid County,MO,19.5,21419
New York County,NY,17,76592
Newaygo County,MI,19.8,25451
Newberry County,SC,20.3,24959
Newport County,RI,22.8,47594
Newport News city,VA,12.7,28294
Newton County,AR,27.2,19735
Newton County,GA,13.3,25247
Newton County,IN,20.2,26007
Newton County,MO,18.4,28353
Newton County,MS,17.1,20787
Newton County,TX,21.2,21659
Nez Perce County,ID,20.2,29544
Niagara County,NY,19.5,30971
Nicholas County,KY,17,22212
Nicholas County,WV,22.9,22335
Nicollet County,MN,16.7,33031
Niobrara County,WY,23.3,22958
Noble County,IN,16.5,26832
Noble County,OH,28.3,24440
Noble County,OK,20,28011
Nobles County,MN,16.8,25939
Nodaway County,MO,15.6,22915
Nolan County,TX,18.6,25094
Nome Census Area,AK,8,23581
Norfolk County,MA,17.2,53889
Norfolk city,VA,10.9,29830
Norman County,MN,21.5,30422
North Slope Borough,AK,7.5,48730
Northampton County,NC,27,22002
Northampton County,PA,19.5,35270
Northampton County,VA,27,28518
Northumberland County,PA,21.8,26389
Northumberland County,VA,37.5,36261
Northwest Arctic Borough,AK,7.3,23780
Norton County,KS,21.3,25352
Norton city,VA,18.7,21741
Nottoway County,VA,19.3,24571
Nowata County,OK,19.8,22930
Noxubee County,MS,16.6,18525
Nuckolls County,NE,27.2,30078
Nueces County,TX,14.9,27740
Nye County,NV,30.3,25558
O'Brien County,IA,20.7,30564
Oakland County,MI,17.3,44629
Obion County,TN,20.7,23375
Ocean County,NJ,22.8,36100
Oceana County,MI,21.3,24345
Ochiltree County,TX,11.7,23624
Oconee County,GA,15.8,44336
Oconee County,SC,23.6,29844
Oconto County,WI,20.9,30927
Ogemaw County,MI,26.3,23787
Ogle County,IL,19.2,31397
Oglethorpe County,GA,19.4,23523
Ohio County,IN,22.4,30517
Ohio County,KY,18.1,24297
Ohio County,WV,22.2,32429
Okaloosa County,FL,16.3,33019
Okanogan County,WA,22,24876
Okeechobee County,FL,20.1,21367
Okfuskee County,OK,17.9,18437
Oklahoma County,OK,14,31609
Okmulgee County,OK,19,23431
Oktibbeha County,MS,12,22512
Oldham County,KY,13.7,42272
Oldham County,TX,15,26408
Oliver County,ND,22.7,35565
Olmsted County,MN,15.9,41066
Oneida County,ID,20.4,22120
Oneida County,NY,19.2,29687
Oneida County,WI,26.7,34910
Onondaga County,NY,17.5,34002
Onslow County,NC,9.6,24413
Ontario County,NY,20.6,36835
Ontonagon County,MI,37.7,25022
Orange County,CA,15.3,41514
Orange County,FL,12.3,30456
Orange County,IN,19.8,24080
Orange County,NC,14.6,42231
Orange County,NY,14.3,34959
Orange County,TX,16.5,30114
Orange County,VA,20.6,32292
Orange County,VT,22,31697
Orangeburg County,SC,20.4,20716
Oregon County,MO,23.7,18398
Orleans County,NY,18.4,26298
Orleans County,VT,23.3,27023
Orleans Parish,LA,15.6,31385
Osage County,KS,20.6,27951
Osage County,MO,17.7,29061
Osage County,OK,20.6,25473
Osborne County,KS,25,30843
Osceola County,FL,13.5,22196
Osceola County,IA,22.7,30955
Osceola County,MI,21.6,22692
Oscoda County,MI,27.6,24889
Oswego County,NY,16.8,28587
Otero County,CO,20.7,21110
Otero County,NM,17.3,23170
Otoe County,NE,19.8,31450
Otsego County,MI,21.7,27234
Otsego County,NY,21.7,28849
Ottawa County,KS,21.3,29230
Ottawa County,MI,15.5,31872
Ottawa County,OH,26,34560
Ottawa County,OK,18.5,20814
Otter Tail County,MN,24.5,32059
Ouachita County,AR,21.1,21562
Ouachita Parish,LA,15.3,24361
Ouray County,CO,27.3,41160
Outagamie County,WI,15.3,33221
Overton County,TN,20.7,21808
Owen County,IN,19.9,25209
Owen County,KY,19.1,25640
Owsley County,KY,20,18940
Owyhee County,ID,18,22806
Oxford County,ME,22.6,25464
Ozark County,MO,29.3,18739
Ozaukee County,WI,20.4,49030
Pacific County,WA,32.2,26109
Page County,IA,23.1,27390
Page County,VA,21.9,25170
Palm Beach County,FL,24.4,39933
Palo Alto County,IA,22.1,28445
Palo Pinto County,TX,20.2,25150
Pamlico County,NC,30.4,29092
Panola County,MS,16.3,19892
Panola County,TX,19.8,26577
Park County,CO,21.6,36500
Park County,MT,23.7,35123
Park County,WY,24.4,35147
Parke County,IN,20,23574
Parker County,TX,15.6,35142
Parmer County,TX,14.2,23859
Pasco County,FL,22.6,29001
Pasquotank County,NC,17.2,24664
Passaic County,NJ,15,32064
Patrick County,VA,26.8,24292
Paulding County,GA,10.9,27979
Paulding County,OH,19.1,28300
Pawnee County,KS,21.5,25131
Pawnee County,NE,28.7,27162
Pawnee County,OK,19.5,24303
Payette County,ID,18.6,25768
Payne County,OK,13,24057
Peach County,GA,16.5,24486
Pearl River County,MS,19.1,23920
Pecos County,TX,13.5,21120
Pembina County,ND,23.8,36251
Pemiscot County,MO,17.6,20646
Pend Oreille County,WA,26.9,28046
Pender County,NC,18.6,29266
Pendleton County,KY,16.5,24120
Pendleton County,WV,28.2,25059
Pennington County,MN,18.8,31159
Pennington County,SD,18.5,31874
Penobscot County,ME,19.1,28523
Peoria County,IL,17.6,32041
Pepin County,WI,23.5,30827
Perkins County,NE,23.7,35765
Perkins County,SD,26.5,33678
Perquimans County,NC,27.3,27569
Perry County,AL,20.1,15055
Perry County,AR,20.5,23164
Perry County,IL,19.2,26035
Perry County,IN,19,25707
Perry County,KY,17.4,23135
Perry County,MO,19.2,26609
Perry County,MS,18.7,23166
Perry County,OH,17,23484
Perry County,PA,19,30785
Perry County,TN,21.4,27970
Pershing County,NV,16.4,19891
Person County,NC,20.1,27329
Petersburg Borough,AK,20.5,36112
Petersburg city,VA,16.7,23611
Petroleum County,MT,25.7,31177
Pettis County,MO,17.1,23576
Phelps County,MO,17,25202
Phelps County,NE,21.2,32864
Philadelphia County,PA,14,27924
Phillips County,AR,19.5,18651
Phillips County,CO,23.3,26494
Phillips County,KS,24.8,27431
Phillips County,MT,23.2,25605
Piatt County,IL,19.8,33468
Pickaway County,OH,16,27760
Pickens County,AL,19.5,23024
Pickens County,GA,22.3,31965
Pickens County,SC,16.7,26061
Pickett County,TN,27.8,24907
Pierce County,GA,17.4,22268
Pierce County,ND,23.8,30756
Pierce County,NE,19.6,32040
Pierce County,WA,14.2,34618
Pierce County,WI,15.3,33061
Pike County,AL,15.2,22453
Pike County,AR,20.5,23362
Pike County,GA,16.2,27639
Pike County,IL,21.3,26157
Pike County,IN,20.5,25624
Pike County,KY,19.4,22437
Pike County,MO,17.8,22297
Pike County,MS,17.6,17621
Pike County,OH,18.2,24318
Pike County,PA,23.5,34589
Pima County,AZ,20.3,29707
Pinal County,AZ,20.9,24959
Pine County,MN,21.5,26407
Pinellas County,FL,25.4,35196
Pipestone County,MN,20.8,30540
Piscataquis County,ME,27.4,24074
Pitkin County,CO,20.3,54875
Pitt County,NC,13.9,27155
Pittsburg County,OK,20.3,25524
Pittsylvania County,VA,23.3,26032
Piute County,UT,28.1,19012
Placer County,CA,19.9,43759
Plaquemines Parish,LA,14,29258
Platte County,MO,15,40567
Platte County,NE,17.6,30331
Platte County,WY,25.9,35312
Pleasants County,WV,19.6,29974
Plumas County,CA,28.9,35198
Plymouth County,IA,18.5,33982
Plymouth County,MA,18.6,43412
Pocahontas County,IA,23.4,30013
Pocahontas County,WV,26.2,25201
Poinsett County,AR,18.4,20963
Pointe Coupee Parish,LA,21.4,28180
Polk County,AR,23.6,23103
Polk County,FL,20.4,24864
Polk County,GA,15.7,23857
Polk County,IA,13.5,35433
Polk County,MN,18.4,30078
Polk County,MO,18.3,22773
Polk County,NC,32.1,30756
Polk County,NE,23.6,30234
Polk County,OR,18.5,29440
Polk County,TN,21.7,25405
Polk County,TX,19,25164
Polk County,WI,21.3,30859
Pondera County,MT,20.6,25633
Pontotoc County,MS,15.2,21191
Pontotoc County,OK,16.6,26187
Pope County,AR,16.2,23391
Pope County,IL,28.3,22065
Pope County,MN,24.7,34166
Poquoson city,VA,19.6,40258
Portage County,OH,17,30054
Portage County,WI,17.3,31453
Porter County,IN,16.9,34595
Portsmouth city,VA,14.5,26312
Posey County,IN,19.7,32091
Pottawatomie County,KS,14.6,29345
Pottawatomie County,OK,16.6,24178
Pottawattamie County,IA,18,30318
Potter County,PA,24.5,24797
Potter County,SD,29.2,32379
Potter County,TX,12.9,22568
Powder River County,MT,27.7,32094
Powell County,KY,16.3,20841
Powell County,MT,21.2,26456
Power County,ID,15.7,23343
Poweshiek County,IA,21.4,31827
Powhatan County,VA,19,37424
Prairie County,AR,23.9,25789
Prairie County,MT,33.5,27377
Pratt County,KS,21.2,27442
Preble County,OH,19.8,28890
Prentiss County,MS,18.4,19693
Presidio County,TX,23.9,15337
Presque Isle County,MI,32.5,28103
Preston County,WV,20.9,24890
Price County,WI,26.5,28882
Prince Edward County,VA,17,21017
Prince George County,VA,14.4,29420
Prince George's County,MD,13.9,37191
Prince William County,VA,10.3,40932
Prince of Wales-Hyder Census Area,AK,18.1,27080
Providence County,RI,15.6,31522
Prowers County,CO,18.1,23698
Pueblo County,CO,19,25051
Pulaski County,AR,16.1,32692
Pulaski County,GA,22.9,20746
Pulaski County,IL,23.1,21605
Pulaski County,IN,20.1,24992
Pulaski County,KY,19,24646
Pulaski County,MO,9.1,23651
Pulaski County,VA,23.5,28125
Pushmataha County,OK,23.6,22435
Putnam County,FL,23.7,20915
Putnam County,GA,24.8,31504
Putnam County,IL,23.2,34438
Putnam County,IN,17.1,26120
Putnam County,MO,24.9,24758
Putnam County,NY,18,47448
Putnam County,OH,18,31743
Putnam County,TN,16.8,24946
Putnam County,WV,18.9,31587
Quay County,NM,25.7,19784
Queen Anne's County,MD,19.2,44754
Queens County,NY,16.3,31930
Quitman County,GA,30.7,18639
Quitman County,MS,18.1,15026
Rabun County,GA,28.1,28266
Racine County,WI,17.1,31572
Radford city,VA,8.7,21797
Rains County,TX,25,27938
Raleigh County,WV,21.2,25026
Ralls County,MO,22.2,27023
Ramsey County,MN,14.9,35013
Ramsey County,ND,20.3,34041
Randall County,TX,15.6,34293
Randolph County,AL,20.9,24721
Randolph County,AR,19.7,23248
Randolph County,GA,24.7,16691
Randolph County,IL,19.4,26558
Randolph County,IN,20.8,24964
Randolph County,MO,17.2,21240
Randolph County,NC,18.1,24397
Randolph County,WV,22.2,24842
Rankin County,MS,15.7,30835
Ransom County,ND,21.2,34665
Rapides Parish,LA,16.7,25984
Rappahannock County,VA,27.9,41792
Ravalli County,MT,26.5,29761
Rawlins County,KS,27.9,28590
Ray County,MO,18.9,29524
Reagan County,TX,11.1,25600
Real County,TX,30.5,18235
Red Lake County,MN,21.6,30037
Red River County,TX,25.3,22689
Red River Parish,LA,19.7,22924
Red Willow County,NE,21.1,27392
Redwood County,MN,21.6,28611
Reeves County,TX,11.8,20020
Refugio County,TX,23.3,24248
Reno County,KS,20.3,27073
Rensselaer County,NY,17.5,35903
Renville County,MN,21.1,31253
Renville County,ND,20.8,34452
Republic County,KS,27.8,27424
Reynolds County,MO,23.7,22720
Rhea County,TN,18.8,22336
Rice County,KS,19.6,26737
Rice County,MN,15.8,31221
Rich County,UT,18.4,23464
Richardson County,NE,24.9,28309
Richland County,IL,21.1,26358
Richland County,MT,15.4,33109
Richland County,ND,18.7,31346
Richland County,OH,19.8,25585
Richland County,SC,13.2,30175
Richland County,WI,23.6,27597
Richland Parish,LA,18.1,20107
Richmond County,GA,14.5,22787
Richmond County,NC,18.3,21228
Richmond County,NY,16.7,36907
Richmond County,VA,21.1,22853
Richmond city,VA,12.8,33549
Riley County,KS,9.8,27272
Ringgold County,IA,24.8,28756
Rio Arriba County,NM,20.1,22911
Rio Blanco County,CO,16.4,26487
Rio Grande County,CO,20.9,24582
Ripley County,IN,18.3,28312
Ripley County,MO,20.8,18119
Ritchie County,WV,23,25606
Riverside County,CA,14.8,28596
Roane County,TN,23.2,30209
Roane County,WV,22.8,21711
Roanoke County,VA,21.8,36469
Roanoke city,VA,16.1,27006
Roberts County,SD,19.7,26243
Roberts County,TX,22.6,30955
Robertson County,KY,22,22552
Robertson County,TN,15.4,29524
Robertson County,TX,20,26033
Robeson County,NC,15.7,18709
Rock County,MN,20.5,31345
Rock County,NE,26.7,36140
Rock County,WI,17.1,28945
Rock Island County,IL,19.8,29756
Rockbridge County,VA,26.8,31539
Rockcastle County,KY,18.8,20892
Rockdale County,GA,14.9,28320
Rockingham County,NC,20.9,24209
Rockingham County,NH,18.6,47222
Rockingham County,VA,19.5,31275
Rockland County,NY,15.9,39286
Rockwall County,TX,12.8,42346
Roger Mills County,OK,22,30866
Rogers County,OK,16.7,32148
Rolette County,ND,12.2,20484
Rooks County,KS,23.1,26420
Roosevelt County,MT,11.8,18657
Roosevelt County,NM,14.7,20123
Roscommon County,MI,33.3,25807
Roseau County,MN,18.1,30193
Rosebud County,MT,16.5,24922
Ross County,OH,17.1,24913
Routt County,CO,16.6,43769
Rowan County,KY,14.5,20488
Rowan County,NC,17.9,25630
Runnels County,TX,21,24402
Rush County,IN,18.7,26301
Rush County,KS,25.4,26552
Rusk County,TX,16.9,26658
Rusk County,WI,24.8,25854
Russell County,AL,14.8,23470
Russell County,KS,24.7,26090
Russell County,KY,20.2,20674
Russell County,VA,22.5,21605
Rutherford County,NC,22.2,23978
Rutherford County,TN,10.8,30159
Rutland County,VT,22.7,31391
Sabine County,TX,31,24870
Sabine Parish,LA,21.2,22687
Sac County,IA,23.9,32274
Sacramento County,CA,14.5,32751
Sagadahoc County,ME,22.8,34675
Saginaw County,MI,19.6,28030
Saguache County,CO,24.5,22511
Salem County,NJ,19,34047
Salem city,VA,19,31924
Saline County,AR,18.2,30553
Saline County,IL,20.5,25342
Saline County,KS,18.3,28813
Saline County,MO,18.7,22942
Saline County,NE,15.4,24627
Salt Lake County,UT,11.2,33238
Saluda County,SC,20.3,22814
Sampson County,NC,18.3,22875
San Augustine County,TX,27,23683
San Benito County,CA,13.1,33174
San Bernardino County,CA,11.9,25215
San Diego County,CA,14.5,38073
San Francisco County,CA,16.1,68883
San Jacinto County,TX,22.5,23312
San Joaquin County,CA,13.1,27521
San Juan County,CO,25.8,34502
San Juan County,NM,15.6,23235
San Juan County,UT,14.9,18987
San Juan County,WA,35.2,45777
San Luis Obispo County,CA,20.9,37233
San Mateo County,CA,16.6,61545
San Miguel County,CO,15.5,47526
San Miguel County,NM,22.6,20762
San Patricio County,TX,15.3,26054
San Saba County,TX,24.2,24961
Sanborn County,SD,20.2,32745
Sanders County,MT,32.4,25309
Sandoval County,NM,18.5,29255
Sandusky County,OH,19.3,27319
Sangamon County,IL,18.4,35509
Sanilac County,MI,22.1,25871
Sanpete County,UT,14.5,20056
Santa Barbara County,CA,15.7,36039
Santa Clara County,CA,13.9,56248
Santa Cruz County,AZ,18.5,21480
Santa Cruz County,CA,17.3,41312
Santa Fe County,NM,25.3,38520
Santa Rosa County,FL,16.3,31691
Sarasota County,FL,37.3,41081
Saratoga County,NY,18.8,43065
Sargent County,ND,22.7,37105
Sarpy County,NE,12.1,36058
Sauk County,WI,19.1,30990
Saunders County,NE,18.9,33851
Sawyer County,WI,26.7,31772
Schenectady County,NY,17.3,32417
Schleicher County,TX,20,26560
Schley County,GA,17.8,20965
Schoharie County,NY,22.7,30397
Schoolcraft County,MI,27.5,24647
Schuyler County,IL,23.4,24831
Schuyler County,MO,19.5,19862
Schuyler County,NY,22,27678
Schuylkill County,PA,20.7,27431
Scioto County,OH,18.6,23719
Scotland County,MO,18.5,27706
Scotland County,NC,18.8,19052
Scott County,AR,21.4,18281
Scott County,IA,16.7,33643
Scott County,IL,19.6,27052
Scott County,IN,17.1,23646
Scott County,KS,20.2,29315
Scott County,KY,12.4,32796
Scott County,MN,11.3,42155
Scott County,MO,18.6,24921
Scott County,MS,15.4,22203
Scott County,TN,17.2,20849
Scott County,VA,24.9,22898
Scotts Bluff County,NE,19.6,27978
Screven County,GA,19.5,22213
Scurry County,TX,15.4,24552
Searcy County,AR,26,20410
Sebastian County,AR,16.4,25961
Sedgwick County,CO,27.1,27527
Sedgwick County,KS,14.9,29530
Seminole County,FL,16,35175
Seminole County,GA,23.2,29614
Seminole County,OK,18.4,20666
Seneca County,NY,19.6,28245
Seneca County,OH,18.6,27100
Sequatchie County,TN,20.8,23050
Sequoyah County,OK,18.8,20384
Sevier County,AR,14.9,22320
Sevier County,TN,20.3,25283
Sevier County,UT,16.5,23514
Seward County,KS,10.1,20754
Seward County,NE,17.2,32040
Shackelford County,TX,21.2,24852
Shannon County,MO,22.6,17387
Sharkey County,MS,20,19958
Sharp County,AR,26.4,21423
Shasta County,CA,21.1,29720
Shawano County,WI,21.6,29338
Shawnee County,KS,18.8,30974
Sheboygan County,WI,18.5,31510
Shelby County,AL,16,38549
Shelby County,IA,23.1,32703
Shelby County,IL,23.2,27029
Shelby County,IN,17.5,29583
Shelby County,KY,15.8,32468
Shelby County,MO,21.8,24304
Shelby County,OH,17,29381
Shelby County,TN,14,30104
Shelby County,TX,17.9,21950
Shenandoah County,VA,22.2,28882
Sherburne County,MN,11.7,35439
Sheridan County,KS,23.7,35465
Sheridan County,MT,23.3,36091
Sheridan County,ND,34.1,32627
Sheridan County,NE,26.7,29477
Sheridan County,WY,21.7,35254
Sherman County,KS,19.5,27919
Sherman County,NE,28.1,28448
Sherman County,OR,25.4,31615
Sherman County,TX,15.3,30467
Shiawassee County,MI,19,28437
Shoshone County,ID,23.1,23987
Sibley County,MN,18.9,32016
Sierra County,CA,32,33747
Sierra County,NM,37.4,25344
Silver Bow County,MT,19.5,27706
Simpson County,KY,16.7,24458
Simpson County,MS,18.1,23520
Sioux County,IA,16.3,29360
Sioux County,ND,8.5,15649
Sioux County,NE,30.5,28646
Siskiyou County,CA,26.1,28615
Sitka City and Borough,AK,16.1,39615
Skagit County,WA,21.5,33168
Skagway Municipality,AK,15.8,39453
Skamania County,WA,22.1,32221
Slope County,ND,23.7,33798
Smith County,KS,28,28994
Smith County,MS,20.5,23698
Smith County,TN,17.3,28797
Smith County,TX,16.9,28483
Smyth County,VA,22.6,21605
Snohomish County,WA,14,39527
Snyder County,PA,19.5,27482
Socorro County,NM,20.1,18948
Solano County,CA,16.3,35400
Somerset County,MD,17.3,18772
Somerset County,ME,21.3,24386
Somerset County,NJ,16.2,55828
Somerset County,PA,23,25781
Somervell County,TX,19.4,29449
Sonoma County,CA,20.7,42178
Southampton County,VA,20.8,26600
Southeast Fairbanks Census Area,AK,15.6,32193
Spalding County,GA,18.3,24582
Spartanburg County,SC,16.4,27240
Spencer County,IN,20,31287
Spencer County,KY,14.6,33661
Spink County,SD,21.2,35393
Spokane County,WA,16.6,31146
Spotsylvania County,VA,14.7,37212
St. Bernard Parish,LA,12,20763
St. Charles County,MO,15.8,38943
St. Charles Parish,LA,14.1,32935
St. Clair County,AL,16.9,26409
St. Clair County,IL,16.4,30807
St. Clair County,MI,19.4,30703
St. Clair County,MO,27.6,22520
St. Croix County,WI,14.7,39287
St. Francis County,AR,16.8,18447
St. Francois County,MO,16.6,22578
St. Helena Parish,LA,20.6,24380
St. James Parish,LA,17.7,26739
St. John the Baptist Parish,LA,14.7,25968
St. Johns County,FL,20.6,43194
St. Joseph County,IN,16.2,28215
St. Joseph County,MI,18.5,26248
St. Landry Parish,LA,16.6,21162
St. Lawrence County,NY,18,25378
St. Louis County,MN,20.1,31537
St. Louis County,MO,18.5,41426
St. Louis city,MO,13.1,30542
St. Lucie County,FL,24.7,27121
St. Martin Parish,LA,15.7,24997
St. Mary Parish,LA,17,22839
St. Mary's County,MD,13.4,40354
St. Tammany Parish,LA,17.5,34658
Stafford County,KS,23.1,28060
Stafford County,VA,10.7,42126
Stanislaus County,CA,13.4,26258
Stanley County,SD,20.4,42838
Stanly County,NC,19.3,25863
Stanton County,KS,17.3,23033
Stanton County,NE,18.7,29117
Stark County,IL,22.8,30018
Stark County,ND,13.9,38103
Stark County,OH,19.9,29495
Starke County,IN,19,24673
Starr County,TX,11.4,14179
Staunton city,VA,21,30166
Ste. Genevieve County,MO,20.1,29742
Stearns County,MN,15.5,30994
Steele County,MN,18.3,32477
Steele County,ND,25.2,39011
Stephens County,GA,19.8,23546
Stephens County,OK,20.3,25769
Stephens County,TX,20.2,25015
Stephenson County,IL,23.4,27911
Sterling County,TX,14.4,28757
Steuben County,IN,21,29949
Steuben County,NY,20.1,29886
Stevens County,KS,16.7,24652
Stevens County,MN,17.4,32542
Stevens County,WA,23.9,26896
Stewart County,GA,15,16705
Stewart County,TN,20.7,24113
Stillwater County,MT,23.5,32301
Stoddard County,MO,20.3,22138
Stokes County,NC,21.8,26279
Stone County,AR,27.9,20695
Stone County,MO,31.6,29026
Stone County,MS,16.8,23820
Stonewall County,TX,26.7,25638
Storey County,NV,32.2,37941
Story County,IA,12.6,29539
Strafford County,NH,15.4,35601
Stutsman County,ND,19.9,31991
Sublette County,WY,20.5,35874
Suffolk County,MA,12.3,42765
Suffolk County,NY,17.3,44465
Suffolk city,VA,14.2,34940
Sullivan County,IN,18.5,24356
Sullivan County,MO,20.8,22370
Sullivan County,NH,22.1,33042
Sullivan County,NY,19.3,30446
Sullivan County,PA,29,30375
Sullivan County,TN,22.2,28429
Sully County,SD,26.1,39226
Summers County,WV,26.1,21437
Summit County,CO,14.3,41281
Summit County,OH,18.5,33606
Summit County,UT,13.4,56575
Sumner County,KS,19.2,26954
Sumner County,TN,16.2,33851
Sumter County,AL,18.7,16799
Sumter County,FL,58.2,35560
Sumter County,GA,17.5,20654
Sumter County,SC,16.9,23460
Sunflower County,MS,14.4,15646
Surry County,NC,20.8,25500
Surry County,VA,23.9,30260
Susquehanna County,PA,24.3,31309
Sussex County,DE,28.7,35491
Sussex County,NJ,18,44728
Sussex County,VA,18.6,21652
Sutter County,CA,15.6,27371
Sutton County,TX,19.1,26904
Suwannee County,FL,21.7,22808
Swain County,NC,19.6,23139
Sweet Grass County,MT,27.4,30050
Sweetwater County,WY,13,32603
Swift County,MN,22.4,31765
Swisher County,TX,17.6,19697
Switzerland County,IN,17.4,24944
Talbot County,GA,25.5,21357
Talbot County,MD,29.7,49136
Taliaferro County,GA,28,21416
Talladega County,AL,18.5,23305
Tallahatchie County,MS,15.3,16742
Tallapoosa County,AL,22.3,25217
Tama County,IA,19.9,28585
Taney County,MO,22.1,23776
Tangipahoa Parish,LA,14.9,25163
Taos County,NM,27.5,25646
Tarrant County,TX,11.6,33292
Tate County,MS,17.2,23340
Tattnall County,GA,15,18319
Taylor County,FL,21,17391
Taylor County,GA,20.9,21298
Taylor County,IA,22.7,29778
Taylor County,KY,18.3,23602
Taylor County,TX,14.6,27162
Taylor County,WI,19.6,27506
Taylor County,WV,21,25214
Tazewell County,IL,19.3,33507
Tazewell County,VA,23.1,23738
Tehama County,CA,19.6,24301
Telfair County,GA,18.8,17202
Teller County,CO,23.2,35703
Tensas Parish,LA,25.7,15912
Terrebonne Parish,LA,14.9,25924
Terrell County,GA,20.1,20045
Terrell County,TX,32.9,25687
Terry County,TX,15.1,20627
Teton County,ID,13.1,31191
Teton County,MT,23.2,28022
Teton County,WY,15.8,54051
Texas County,MO,21.5,19973
Texas County,OK,11.8,22003
Thayer County,NE,25.5,29632
Thomas County,GA,18.7,27454
Thomas County,KS,18.1,30442
Thomas County,NE,26.5,36572
Throckmorton County,TX,29.6,30463
Thurston County,NE,11.8,20141
Thurston County,WA,17.9,35169
Tift County,GA,15.4,22974
Tillamook County,OR,26.4,27659
Tillman County,OK,20.2,21974
Tioga County,NY,20.9,31822
Tioga County,PA,22.6,26301
Tippah County,MS,16.9,19501
Tippecanoe County,IN,11.9,27451
Tipton County,IN,21.4,31025
Tipton County,TN,14.9,28457
Tishomingo County,MS,20.8,20390
Titus County,TX,14.8,21730
Todd County,KY,16.2,23143
Todd County,MN,22.1,26678
Todd County,SD,7.5,10739
Tolland County,CT,16.3,41371
Tom Green County,TX,15.6,29505
Tompkins County,NY,15.1,33075
Tooele County,UT,9.3,25949
Toole County,MT,19.4,27528
Toombs County,GA,17,24399
Torrance County,NM,21.5,20876
Towner County,ND,25.3,37239
Towns County,GA,34.9,25972
Traill County,ND,20,33321
Transylvania County,NC,31.4,29549
Traverse County,MN,25.4,32548
Travis County,TX,10.2,43658
Treasure County,MT,28.9,29763
Trego County,KS,27.3,34230
Trempealeau County,WI,18.4,28902
Treutlen County,GA,18.7,21830
Trigg County,KY,23.2,28264
Trimble County,KY,17.8,27237
Trinity County,CA,28.3,26523
Trinity County,TX,27,25026
Tripp County,SD,22.8,27036
Troup County,GA,15.2,23124
Trousdale County,TN,13,24795
Trumbull County,OH,22.1,26935
Tucker County,WV,26.8,25686
Tulare County,CA,11.6,21380
Tulsa County,OK,14.8,32044
Tunica County,MS,12.9,20579
Tuolumne County,CA,27,34702
Turner County,GA,20,19527
Turner County,SD,21.4,30677
Tuscaloosa County,AL,13.8,26789
Tuscarawas County,OH,20,27057
Tuscola County,MI,20.8,25996
Twiggs County,GA,23.3,20979
Twin Falls County,ID,15.6,25352
Tyler County,TX,22.6,20249
Tyler County,WV,23.4,24924
Tyrrell County,NC,20.2,19743
Uinta County,WY,15,28159
Uintah County,UT,11.3,25759
Ulster County,NY,20.4,34834
Umatilla County,OR,16,24444
Unicoi County,TN,23.3,23455
Union County,AR,18.4,25193
Union County,FL,15.2,17010
Union County,GA,33.7,28953
Union County,IA,21,27750
Union County,IL,21.9,25879
Union County,IN,19.7,25661
Union County,KY,17.2,23097
Union County,MS,16.9,21705
Union County,NC,13,36362
Union County,NJ,14.7,41603
Union County,NM,21.9,22116
Union County,OH,12.7,37384
Union County,OR,21.5,27646
Union County,PA,18.6,27079
Union County,SC,20.6,23470
Union County,SD,18.6,42411
Union County,TN,18.6,24010
Union Parish,LA,21.1,24030
Upshur County,TX,18.7,25285
Upshur County,WV,21,24070
Upson County,GA,18.5,21747
Upton County,TX,14.7,25447
Utah County,UT,7.9,26215
Uvalde County,TX,16.9,20329
Val Verde County,TX,14.3,21370
Valencia County,NM,18.2,23675
Valley County,ID,25.9,33709
Valley County,MT,23.7,27946
Valley County,NE,25.8,29378
Van Buren County,AR,26.7,22168
Van Buren County,IA,22.5,27252
Van Buren County,MI,18.7,28049
Van Buren County,TN,23.4,20634
Van Wert County,OH,19.4,27115
Van Zandt County,TX,20.3,27900
Vance County,NC,19.1,23049
Vanderburgh County,IN,17.4,29638
Venango County,PA,23.1,26969
Ventura County,CA,16.2,38595
Vermilion County,IL,19.8,25307
Vermilion Parish,LA,15.8,25342
Vermillion County,IN,20.3,26493
Vernon County,MO,19.7,24312
Vernon County,WI,20,26198
Vernon Parish,LA,12.7,24554
Victoria County,TX,16.6,29199
Vigo County,IN,16.7,25113
Vilas County,WI,31,33316
Vinton County,OH,18.6,21781
Virginia Beach city,VA,13.7,37776
Volusia County,FL,24.9,28517
Wabash County,IL,21.4,27781
Wabash County,IN,21.3,27149
Wabasha County,MN,22.6,34442
Wabaunsee County,KS,20.9,27876
Wadena County,MN,21.3,24214
Wagoner County,OK,16.8,29415
Wahkiakum County,WA,33,31110
Wake County,NC,12,40982
Wakulla County,FL,15.9,25733
Waldo County,ME,23.3,29674
Walker County,AL,19.5,23882
Walker County,GA,18.9,24247
Walker County,TX,13.8,18544
Walla Walla County,WA,18.7,29035
Wallace County,KS,24.2,27966
Waller County,TX,11.8,25401
Wallowa County,OR,29.7,30485
Walsh County,ND,21.5,34194
Walthall County,MS,19.9,21123
Walton County,FL,20.2,34475
Walton County,GA,15.7,27889
Walworth County,SD,24.3,32563
Walworth County,WI,18.4,32302
Wapello County,IA,18.4,26424
Ward County,ND,13.2,34923
Ward County,TX,13.6,25931
Ware County,GA,17.6,20411
Warren County,GA,23.1,23448
Warren County,IA,16,36496
Warren County,IL,20.2,25730
Warren County,IN,20.6,31104
Warren County,KY,13.1,28558
Warren County,MO,17.8,28641
Warren County,MS,17.2,25661
Warren County,NC,26.2,23432
Warren County,NJ,18.7,39802
Warren County,NY,22.9,35271
Warren County,OH,14.9,41792
Warren County,PA,23.5,28230
Warren County,TN,17.9,22802
Warren County,VA,16.8,32086
Warrick County,IN,17.9,37466
Wasatch County,UT,12.3,35641
Wasco County,OR,21,27445
Waseca County,MN,18.6,29929
Washakie County,WY,22.2,28101
Washburn County,WI,27.4,29584
Washington County,AL,19.7,26752
Washington County,AR,12.1,27790
Washington County,CO,21.4,27860
Washington County,FL,17.2,18401
Washington County,GA,17.8,20303
Washington County,IA,20,30547
Washington County,ID,25.9,22650
Washington County,IL,20.7,32838
Washington County,IN,17.3,25015
Washington County,KS,23.9,27841
Washington County,KY,18.5,26035
Washington County,MD,17.5,30464
Washington County,ME,24.8,25157
Washington County,MN,15.6,45822
Washington County,MO,17.2,20581
Washington County,MS,16.7,20174
Washington County,NC,25.3,23431
Washington County,NE,18.6,35145
Washington County,NY,20.1,28530
Washington County,OH,21.6,28782
Washington County,OK,19.8,30847
Washington County,OR,13.9,39679
Washington County,PA,21,35537
Washington County,RI,21.5,42869
Washington County,TN,18.8,29656
Washington County,TX,22,32625
Washington County,UT,22,29010
Washington County,VA,23.6,27524
Washington County,VT,20.2,35236
Washington County,WI,18.5,39055
Washington Parish,LA,18.5,20177
Washita County,OK,18.7,26265
Washoe County,NV,16.8,36071
Washtenaw County,MI,14.5,41399
Watauga County,NC,16.4,26882
Watonwan County,MN,20.5,28341
Waukesha County,WI,19.2,46073
Waupaca County,WI,21.3,32000
Waushara County,WI,25,28580
Wayne County,GA,16,21090
Wayne County,IA,22.5,25628
Wayne County,IL,22.2,26313
Wayne County,IN,19.5,26510
Wayne County,KY,21.8,25707
Wayne County,MI,15.8,27282
Wayne County,MO,24.3,19457
Wayne County,MS,17.6,23668
Wayne County,NC,16.9,25277
Wayne County,NE,16.7,27671
Wayne County,NY,19.5,31043
Wayne County,OH,18.3,27884
Wayne County,PA,24.6,27412
Wayne County,TN,19.9,20689
Wayne County,UT,22,22038
Wayne County,WV,21.7,21553
Waynesboro city,VA,17.6,27033
Weakley County,TN,19,22755
Webb County,TX,9.7,18466
Weber County,UT,11.9,27828
Webster County,GA,23.7,24102
Webster County,IA,18.8,26498
Webster County,KY,18.1,22911
Webster County,MO,15.7,22961
Webster County,MS,17.9,22011
Webster County,NE,23.4,29969
Webster County,WV,24,22054
Webster Parish,LA,20.2,18962
Weld County,CO,12.4,31793
Wells County,IN,18.6,28663
Wells County,ND,28.7,35134
West Baton Rouge Parish,LA,14.3,29697
West Carroll Parish,LA,19.4,22439
West Feliciana Parish,LA,15.5,26945
Westchester County,NY,17.4,57049
Westmoreland County,PA,23.3,34274
Westmoreland County,VA,25.6,32996
Weston County,WY,21.3,28531
Wetzel County,WV,23.2,22546
Wexford County,MI,19.6,25149
Wharton County,TX,17.4,25298
Whatcom County,WA,18,32267
Wheatland County,MT,25.4,21619
Wheeler County,GA,14.8,14654
Wheeler County,NE,28.5,29037
Wheeler County,OR,36.3,21702
Wheeler County,TX,19.8,27093
White County,AR,16.8,23702
White County,GA,23.3,27406
White County,IL,21.4,26746
White County,IN,20.3,27461
White County,TN,20.5,22040
White Pine County,NV,18.3,25675
Whiteside County,IL,21.3,29856
Whitfield County,GA,14.4,23974
Whitley County,IN,18.5,31843
Whitley County,KY,16,20547
Whitman County,WA,10.7,23560
Wibaux County,MT,25.8,25591
Wichita County,KS,20.2,29126
Wichita County,TX,15,24872
Wicomico County,MD,16.3,28080
Wilbarger County,TX,19,23696
Wilcox County,AL,20.3,16841
Wilcox County,GA,18.2,16183
Wilkes County,GA,23.7,24674
Wilkes County,NC,22.2,25202
Wilkin County,MN,19.7,34543
Wilkinson County,GA,20.2,22141
Wilkinson County,MS,17.8,15475
Will County,IL,13.5,36524
Willacy County,TX,14.3,14888
Williams County,ND,9.2,44235
Williams County,OH,19.2,27124
Williamsburg County,SC,21.7,18257
Williamsburg city,VA,15.7,29758
Williamson County,IL,19.5,28375
Williamson County,TN,13.5,52702
Williamson County,TX,12.4,37242
Wilson County,KS,22,27471
Wilson County,NC,18.7,24790
Wilson County,TN,16,34575
Wilson County,TX,16.5,32312
Winchester city,VA,15.9,30859
Windham County,CT,17.2,32732
Windham County,VT,23.9,32535
Windsor County,VT,24.2,36252
Winkler County,TX,12,24467
Winn Parish,LA,19.1,22107
Winnebago County,IA,22,28342
Winnebago County,IL,18,29278
Winnebago County,WI,16.8,32571
Winneshiek County,IA,21.1,32075
Winona County,MN,17.6,30013
Winston County,AL,21.9,22952
Winston County,MS,20.5,25263
Wirt County,WV,20.8,23568
Wise County,TX,15.1,29418
Wise County,VA,19.2,21500
Wolfe County,KY,19.9,14923
Wood County,OH,15.7,32431
Wood County,TX,27.5,29005
Wood County,WI,21.1,31425
Wood County,WV,20.9,27725
Woodbury County,IA,15.4,28688
Woodford County,IL,18.6,37170
Woodford County,KY,19.4,32264
Woodruff County,AR,23.4,23423
Woods County,OK,17.4,27427
Woodson County,KS,25.2,22672
Woodward County,OK,16.4,28915
Worcester County,MA,16.1,37574
Worcester County,MD,28.2,38080
Worth County,GA,19.9,24415
Worth County,IA,20.9,31949
Worth County,MO,25.9,26137
Wrangell City and Borough,AK,24.5,32286
Wright County,IA,23.1,29622
Wright County,MN,13,36260
Wright County,MO,19.6,19850
Wyandot County,OH,19.9,28541
Wyandotte County,KS,12.6,22335
Wyoming County,NY,18.6,27947
Wyoming County,PA,21.9,29584
Wyoming County,WV,22,22703
Wythe County,VA,22.1,27381
Yadkin County,NC,20.5,25218
Yakima County,WA,14,23459
Yakutat City and Borough,AK,21.1,32198
Yalobusha County,MS,21,20690
Yamhill County,OR,17.8,31314
Yancey County,NC,26.3,24487
Yankton County,SD,19.5,31772
Yates County,NY,21.3,28270
Yavapai County,AZ,32.5,30341
Yazoo County,MS,12.8,19972
Yell County,AR,18.1,22015
Yellow Medicine County,MN,20.8,29908
Yellowstone County,MT,17.4,34451
Yoakum County,TX,11.9,24582
Yolo County,CA,12.9,34515
York County,ME,21.2,36093
York County,NE,20.9,32975
York County,PA,18,32623
York County,SC,14.7,34010
York County,VA,16.6,41201
Young County,TX,21,27423
Yuba County,CA,13.1,25583
Yukon-Koyukuk Census Area,AK,15.7,22718
Yuma County,AZ,19.3,21758
Yuma County,CO,18.7,27955
Zapata County,TX,13.2,20169
Zavala County,TX,14.6,13835
Ziebach County,SD,9.6,16555
